{"valueType":"relations","values":[[{"_typeName":"Role","id":"cjcueqgbg9f4f0189dtxxbq5q","fieldName":"staffs"},{"_typeName":"Person","id":"cjcz0nywz1pq80172ag1ousju","fieldName":"role"}],[{"_typeName":"Role","id":"cjcsm3oxjd1kf0113sw0e5n01","fieldName":"staffs"},{"_typeName":"Person","id":"cjd2zovnz0fqy0128o96q7b44","fieldName":"role"}],[{"_typeName":"Role","id":"cjcueqgbg9f4f0189dtxxbq5q","fieldName":"staffs"},{"_typeName":"Person","id":"cjd2zovtx0frk0128jexl9ueg","fieldName":"role"}],[{"_typeName":"Role","id":"cjcuf2xn29nrd0189y1z60vdl","fieldName":"staffs"},{"_typeName":"Person","id":"cjd2zovyb0fro0128tlmykqxr","fieldName":"role"}],[{"_typeName":"Role","id":"cjcudoqsy80hv0189grqbyd0n","fieldName":"staffs"},{"_typeName":"Person","id":"cjd2zow060frs0128ge819nji","fieldName":"role"}],[{"_typeName":"Role","id":"cjcueuc3x9hwg0189w5y24gdx","fieldName":"staffs"},{"_typeName":"Person","id":"cjd2zow370frw01282m3x1lcq","fieldName":"role"}],[{"_typeName":"Role","id":"cjcwvb29nl4ge0189olj60d97","fieldName":"staffs"},{"_typeName":"Person","id":"cjd2zow4n0fs20128h6k75et9","fieldName":"role"}],[{"_typeName":"Role","id":"cjcudoqsy80hv0189grqbyd0n","fieldName":"staffs"},{"_typeName":"Person","id":"cjd2zow6d0fsb0128676e2tnz","fieldName":"role"}],[{"_typeName":"Role","id":"cjcwv8jurl2fm018959wzzsw7","fieldName":"staffs"},{"_typeName":"Person","id":"cjd2zow7p0fsf012898o6vxuj","fieldName":"role"}],[{"_typeName":"Role","id":"cjcuhrqwhc6hz01890reik4yh","fieldName":"staffs"},{"_typeName":"Person","id":"cjd2zow930fsj0128himmkquo","fieldName":"role"}],[{"_typeName":"Role","id":"cjcsm68m9d3h00113yrsdjs8p","fieldName":"staffs"},{"_typeName":"Person","id":"cjd2zowah0fso0128c08n48lf","fieldName":"role"}],[{"_typeName":"Role","id":"cjcwv8jurl2fm018959wzzsw7","fieldName":"staffs"},{"_typeName":"Person","id":"cjd2zowbs0fst0128i1xdy68p","fieldName":"role"}],[{"_typeName":"Role","id":"cjcuhrqwhc6hz01890reik4yh","fieldName":"staffs"},{"_typeName":"Person","id":"cjd2zowd70fsx01282y6iteyq","fieldName":"role"}],[{"_typeName":"Role","id":"cjcudoqsy80hv0189grqbyd0n","fieldName":"staffs"},{"_typeName":"Person","id":"cjd2zowek0ft10128cirxqde8","fieldName":"role"}],[{"_typeName":"Role","id":"cjcwv8jurl2fm018959wzzsw7","fieldName":"staffs"},{"_typeName":"Person","id":"cjd2zowkz0ft601283le1vewj","fieldName":"role"}],[{"_typeName":"Role","id":"cjcsm3oxjd1kf0113sw0e5n01","fieldName":"staffs"},{"_typeName":"Person","id":"cjd2zowmi0ftd01283smyic60","fieldName":"role"}],[{"_typeName":"Role","id":"cjcsm3oxjd1kf0113sw0e5n01","fieldName":"staffs"},{"_typeName":"Person","id":"cjd2zownv0fth01288kqipj22","fieldName":"role"}],[{"_typeName":"Role","id":"cjcueqgbg9f4f0189dtxxbq5q","fieldName":"staffs"},{"_typeName":"Person","id":"cjd2zowp70ftl0128ha9xrulx","fieldName":"role"}],[{"_typeName":"Role","id":"cjcudoqsy80hv0189grqbyd0n","fieldName":"staffs"},{"_typeName":"Person","id":"cjd2zowqk0ftp01285ozjo9vq","fieldName":"role"}],[{"_typeName":"Role","id":"cjcsm3oxjd1kf0113sw0e5n01","fieldName":"staffs"},{"_typeName":"Person","id":"cjd2zowrs0ftt0128ief0jyjc","fieldName":"role"}],[{"_typeName":"Role","id":"cjcsm68m9d3h00113yrsdjs8p","fieldName":"staffs"},{"_typeName":"Person","id":"cjd2zowt50ftx0128bjr8g6q4","fieldName":"role"}],[{"_typeName":"Role","id":"cjcsm68m9d3h00113yrsdjs8p","fieldName":"staffs"},{"_typeName":"Person","id":"cjd2zowua0fu101289s81bde2","fieldName":"role"}],[{"_typeName":"Role","id":"cjcsm68m9d3h00113yrsdjs8p","fieldName":"staffs"},{"_typeName":"Person","id":"cjd2zowvt0fu50128u9sqg3c6","fieldName":"role"}],[{"_typeName":"Role","id":"cjcudoqsy80hv0189grqbyd0n","fieldName":"staffs"},{"_typeName":"Person","id":"cjd2zowx20fu90128rm5hm3cn","fieldName":"role"}],[{"_typeName":"Role","id":"cjcueuc3x9hwg0189w5y24gdx","fieldName":"staffs"},{"_typeName":"Person","id":"cjd2zowyh0fud0128ehjwi7ol","fieldName":"role"}],[{"_typeName":"Role","id":"cjcwvb29nl4ge0189olj60d97","fieldName":"staffs"},{"_typeName":"Person","id":"cjd2zowzu0fui0128y3bzqjgj","fieldName":"role"}],[{"_typeName":"Role","id":"cjcwv8jurl2fm018959wzzsw7","fieldName":"staffs"},{"_typeName":"Person","id":"cjd2zqavu0g4f0128pfiw3eh7","fieldName":"role"}],[{"_typeName":"Role","id":"cjcsm9vepd70h0113xhpt8l4w","fieldName":"staffs"},{"_typeName":"Person","id":"cjd2zqax50g4j0128h4bamc2j","fieldName":"role"}],[{"_typeName":"Role","id":"cjcueqgbg9f4f0189dtxxbq5q","fieldName":"staffs"},{"_typeName":"Person","id":"cjd2zqayh0g4n01285oqdsbyg","fieldName":"role"}],[{"_typeName":"Role","id":"cjcsm9vepd70h0113xhpt8l4w","fieldName":"staffs"},{"_typeName":"Person","id":"cjd2zqazo0g4r012822s02dao","fieldName":"role"}],[{"_typeName":"Role","id":"cjcsm3oxjd1kf0113sw0e5n01","fieldName":"staffs"},{"_typeName":"Person","id":"cjd2zqb120g4x0128vr89av01","fieldName":"role"}],[{"_typeName":"Role","id":"cjcuhrqwhc6hz01890reik4yh","fieldName":"staffs"},{"_typeName":"Person","id":"cjd2zqb520g510128y81ejasv","fieldName":"role"}],[{"_typeName":"Role","id":"cjcsm3oxjd1kf0113sw0e5n01","fieldName":"staffs"},{"_typeName":"Person","id":"cjd2zqb6v0g550128oe9qb3j2","fieldName":"role"}],[{"_typeName":"Role","id":"cjcudoqsy80hv0189grqbyd0n","fieldName":"staffs"},{"_typeName":"Person","id":"cjd2zqb8b0g590128celrwrmz","fieldName":"role"}],[{"_typeName":"Role","id":"cjcwvb29nl4ge0189olj60d97","fieldName":"staffs"},{"_typeName":"Person","id":"cjd2zqb9o0g5e0128gfym2pp0","fieldName":"role"}],[{"_typeName":"Role","id":"cjcwvb29nl4ge0189olj60d97","fieldName":"staffs"},{"_typeName":"Person","id":"cjd2zqbb10g5i0128808m0387","fieldName":"role"}],[{"_typeName":"Role","id":"cjcsm3oxjd1kf0113sw0e5n01","fieldName":"staffs"},{"_typeName":"Person","id":"cjd2zqbfg0g5n0128y5lri5vr","fieldName":"role"}],[{"_typeName":"Role","id":"cjcuhrqwhc6hz01890reik4yh","fieldName":"staffs"},{"_typeName":"Person","id":"cjd2zqbgt0g5r0128ufqtd2ne","fieldName":"role"}],[{"_typeName":"Role","id":"cjcwv8jurl2fm018959wzzsw7","fieldName":"staffs"},{"_typeName":"Person","id":"cjd2zqbi40g5v0128j3319knn","fieldName":"role"}],[{"_typeName":"Role","id":"cjcsm3oxjd1kf0113sw0e5n01","fieldName":"staffs"},{"_typeName":"Person","id":"cjd2zqbjh0g5z0128sbp7jc8y","fieldName":"role"}],[{"_typeName":"Role","id":"cjcsm9vepd70h0113xhpt8l4w","fieldName":"staffs"},{"_typeName":"Person","id":"cjd2zqbks0g630128nwck51nu","fieldName":"role"}],[{"_typeName":"Role","id":"cjcueqgbg9f4f0189dtxxbq5q","fieldName":"staffs"},{"_typeName":"Person","id":"cjd2zqbmi0g670128s5f61dib","fieldName":"role"}],[{"_typeName":"Role","id":"cjcsm3oxjd1kf0113sw0e5n01","fieldName":"staffs"},{"_typeName":"Person","id":"cjd2zqbo20g6b0128787l0sq7","fieldName":"role"}],[{"_typeName":"Role","id":"cjcueuc3x9hwg0189w5y24gdx","fieldName":"staffs"},{"_typeName":"Person","id":"cjd2zqbpg0g6f0128rqcd7kbb","fieldName":"role"}],[{"_typeName":"Role","id":"cjcudoqsy80hv0189grqbyd0n","fieldName":"staffs"},{"_typeName":"Person","id":"cjd2zqbqw0g6j0128555mod4y","fieldName":"role"}],[{"_typeName":"Role","id":"cjcueqgbg9f4f0189dtxxbq5q","fieldName":"staffs"},{"_typeName":"Person","id":"cjd2zqbs90g6n0128vculx464","fieldName":"role"}],[{"_typeName":"Role","id":"cjcwv8jurl2fm018959wzzsw7","fieldName":"staffs"},{"_typeName":"Person","id":"cjd2zqbtt0g6r01289n844bf4","fieldName":"role"}],[{"_typeName":"Role","id":"cjcudoqsy80hv0189grqbyd0n","fieldName":"staffs"},{"_typeName":"Person","id":"cjd2zqbv70g6v0128ydtaefwi","fieldName":"role"}],[{"_typeName":"Role","id":"cjcwvb29nl4ge0189olj60d97","fieldName":"staffs"},{"_typeName":"Person","id":"cjd2zqbwk0g6z01289v7mjsy8","fieldName":"role"}],[{"_typeName":"Role","id":"cjcuf2xn29nrd0189y1z60vdl","fieldName":"staffs"},{"_typeName":"Person","id":"cjd2zqbyo0g730128zjg0wd64","fieldName":"role"}],[{"_typeName":"Role","id":"cjcsm9vepd70h0113xhpt8l4w","fieldName":"staffs"},{"_typeName":"Person","id":"cjd2zqbzt0g770128xz5qbxdf","fieldName":"role"}],[{"_typeName":"Role","id":"cjcsm3oxjd1kf0113sw0e5n01","fieldName":"staffs"},{"_typeName":"Person","id":"cjd2zqc110g7b0128mxggm5s4","fieldName":"role"}],[{"_typeName":"Role","id":"cjcuhrqwhc6hz01890reik4yh","fieldName":"staffs"},{"_typeName":"Person","id":"cjd2zqc2f0g7f0128ts6wixtm","fieldName":"role"}],[{"_typeName":"Role","id":"cjcuf2xn29nrd0189y1z60vdl","fieldName":"staffs"},{"_typeName":"Person","id":"cjd2zqc3s0g7j0128nqjbgeu1","fieldName":"role"}],[{"_typeName":"Role","id":"cjcsm3oxjd1kf0113sw0e5n01","fieldName":"staffs"},{"_typeName":"Person","id":"cjd2zqc6b0g7n0128y1mth9z2","fieldName":"role"}],[{"_typeName":"Role","id":"cjcwvb29nl4ge0189olj60d97","fieldName":"staffs"},{"_typeName":"Person","id":"cjd2zqc7i0g7r0128jn4w2po0","fieldName":"role"}],[{"_typeName":"Role","id":"cjcudoqsy80hv0189grqbyd0n","fieldName":"staffs"},{"_typeName":"Person","id":"cjd2zqc8m0g7v01280hgnyew0","fieldName":"role"}],[{"_typeName":"Role","id":"cjcuhrqwhc6hz01890reik4yh","fieldName":"staffs"},{"_typeName":"Person","id":"cjd2zqc9x0g7z0128xxkkq6lx","fieldName":"role"}],[{"_typeName":"Role","id":"cjcsm9vepd70h0113xhpt8l4w","fieldName":"staffs"},{"_typeName":"Person","id":"cjd2zqcbb0g830128oi28bjoq","fieldName":"role"}],[{"_typeName":"Role","id":"cjcueqgbg9f4f0189dtxxbq5q","fieldName":"staffs"},{"_typeName":"Person","id":"cjd2zqccq0g870128cbfletk9","fieldName":"role"}],[{"_typeName":"Role","id":"cjcwvb29nl4ge0189olj60d97","fieldName":"staffs"},{"_typeName":"Person","id":"cjd2zqce20g8b0128alada40t","fieldName":"role"}],[{"_typeName":"Role","id":"cjcueqgbg9f4f0189dtxxbq5q","fieldName":"staffs"},{"_typeName":"Person","id":"cjd2zqcfg0g8f0128jgbdtods","fieldName":"role"}],[{"_typeName":"Role","id":"cjcueqgbg9f4f0189dtxxbq5q","fieldName":"staffs"},{"_typeName":"Person","id":"cjd2zqcgn0g8j0128oguso4dl","fieldName":"role"}],[{"_typeName":"Role","id":"cjcwv8jurl2fm018959wzzsw7","fieldName":"staffs"},{"_typeName":"Person","id":"cjd2zqci10g8n0128d5uolv2v","fieldName":"role"}],[{"_typeName":"Role","id":"cjcwv8jurl2fm018959wzzsw7","fieldName":"staffs"},{"_typeName":"Person","id":"cjd2zqcjd0g8r0128fw0zsc5w","fieldName":"role"}],[{"_typeName":"Role","id":"cjcsm3oxjd1kf0113sw0e5n01","fieldName":"staffs"},{"_typeName":"Person","id":"cjd2zqcku0g8v01286d29edtl","fieldName":"role"}],[{"_typeName":"Role","id":"cjcudoqsy80hv0189grqbyd0n","fieldName":"staffs"},{"_typeName":"Person","id":"cjd2zqcm80g8z0128a6mgs9n4","fieldName":"role"}],[{"_typeName":"Role","id":"cjcsm3oxjd1kf0113sw0e5n01","fieldName":"staffs"},{"_typeName":"Person","id":"cjd2zqcnk0g930128mp0s6srm","fieldName":"role"}],[{"_typeName":"Role","id":"cjcwvb29nl4ge0189olj60d97","fieldName":"staffs"},{"_typeName":"Person","id":"cjd2zqcop0g970128uhc9lznc","fieldName":"role"}],[{"_typeName":"Role","id":"cjcsm3oxjd1kf0113sw0e5n01","fieldName":"staffs"},{"_typeName":"Person","id":"cjd2zqcq20g9b01287utvgpox","fieldName":"role"}],[{"_typeName":"Role","id":"cjcsm3oxjd1kf0113sw0e5n01","fieldName":"staffs"},{"_typeName":"Person","id":"cjd2zqcr70g9f0128kndozt4x","fieldName":"role"}],[{"_typeName":"Role","id":"cjcudoqsy80hv0189grqbyd0n","fieldName":"staffs"},{"_typeName":"Person","id":"cjd2zqcs50g9j01282mwfo3fy","fieldName":"role"}],[{"_typeName":"Role","id":"cjcsm68m9d3h00113yrsdjs8p","fieldName":"staffs"},{"_typeName":"Person","id":"cjd2zqct20g9n01282xe7zqj9","fieldName":"role"}],[{"_typeName":"Role","id":"cjcuhrqwhc6hz01890reik4yh","fieldName":"staffs"},{"_typeName":"Person","id":"cjd2zqctz0g9r0128jnkbgf6x","fieldName":"role"}],[{"_typeName":"Role","id":"cjcsm68m9d3h00113yrsdjs8p","fieldName":"staffs"},{"_typeName":"Person","id":"cjd2zqcv70g9v0128k9qrkswn","fieldName":"role"}],[{"_typeName":"Role","id":"cjcwvb29nl4ge0189olj60d97","fieldName":"staffs"},{"_typeName":"Person","id":"cjd2zqcx00g9z01281sz68nil","fieldName":"role"}],[{"_typeName":"Role","id":"cjcsm9vepd70h0113xhpt8l4w","fieldName":"staffs"},{"_typeName":"Person","id":"cjd2zqcyn0ga30128pe27s6xn","fieldName":"role"}],[{"_typeName":"Role","id":"cjcwvb29nl4ge0189olj60d97","fieldName":"staffs"},{"_typeName":"Person","id":"cjd2zqczt0ga70128oecjk19z","fieldName":"role"}],[{"_typeName":"Role","id":"cjcuhrqwhc6hz01890reik4yh","fieldName":"staffs"},{"_typeName":"Person","id":"cjd2zqd120gab0128mi51w7pk","fieldName":"role"}],[{"_typeName":"Role","id":"cjcueuc3x9hwg0189w5y24gdx","fieldName":"staffs"},{"_typeName":"Person","id":"cjd2zqd280gaf012830h4pqbl","fieldName":"role"}],[{"_typeName":"Role","id":"cjcsm3oxjd1kf0113sw0e5n01","fieldName":"staffs"},{"_typeName":"Person","id":"cjd2zqd3j0gaj0128bs4g73c6","fieldName":"role"}],[{"_typeName":"Role","id":"cjcwv8jurl2fm018959wzzsw7","fieldName":"staffs"},{"_typeName":"Person","id":"cjd2zqd4o0gao0128enp15ilf","fieldName":"role"}],[{"_typeName":"Role","id":"cjcueqgbg9f4f0189dtxxbq5q","fieldName":"staffs"},{"_typeName":"Person","id":"cjd2zqd5w0gas0128ja0gwrpy","fieldName":"role"}],[{"_typeName":"Role","id":"cjcsm9vepd70h0113xhpt8l4w","fieldName":"staffs"},{"_typeName":"Person","id":"cjd2zqd6s0gaw0128vfx007a7","fieldName":"role"}],[{"_typeName":"Role","id":"cjcuhrqwhc6hz01890reik4yh","fieldName":"staffs"},{"_typeName":"Person","id":"cjd2zqd7r0gb001282oq60o8x","fieldName":"role"}],[{"_typeName":"Role","id":"cjcudoqsy80hv0189grqbyd0n","fieldName":"staffs"},{"_typeName":"Person","id":"cjd2zqd8w0gb40128yhh2gi8x","fieldName":"role"}],[{"_typeName":"Role","id":"cjcuf2xn29nrd0189y1z60vdl","fieldName":"staffs"},{"_typeName":"Person","id":"cjd2zqd9t0gb80128t0sfe5z1","fieldName":"role"}],[{"_typeName":"Role","id":"cjcsm3oxjd1kf0113sw0e5n01","fieldName":"staffs"},{"_typeName":"Person","id":"cjd2zqdbg0gbc0128b7ru68av","fieldName":"role"}],[{"_typeName":"Role","id":"cjcsm9vepd70h0113xhpt8l4w","fieldName":"staffs"},{"_typeName":"Person","id":"cjd2zqdcl0gbh0128704o1bb1","fieldName":"role"}],[{"_typeName":"Role","id":"cjcsm9vepd70h0113xhpt8l4w","fieldName":"staffs"},{"_typeName":"Person","id":"cjd2zqddi0gbl01281u9sdhkt","fieldName":"role"}],[{"_typeName":"Role","id":"cjcwv8jurl2fm018959wzzsw7","fieldName":"staffs"},{"_typeName":"Person","id":"cjd2zqdef0gbp01281qixlgh5","fieldName":"role"}],[{"_typeName":"Role","id":"cjcuf2xn29nrd0189y1z60vdl","fieldName":"staffs"},{"_typeName":"Person","id":"cjd2zqdfg0gbt0128alvb594u","fieldName":"role"}],[{"_typeName":"Role","id":"cjcsm3oxjd1kf0113sw0e5n01","fieldName":"staffs"},{"_typeName":"Person","id":"cjd2zqdgt0gbx0128nkmjakjr","fieldName":"role"}],[{"_typeName":"Role","id":"cjcwvb29nl4ge0189olj60d97","fieldName":"staffs"},{"_typeName":"Person","id":"cjd2zqdhy0gc1012854ny9u89","fieldName":"role"}],[{"_typeName":"Role","id":"cjcwvb29nl4ge0189olj60d97","fieldName":"staffs"},{"_typeName":"Person","id":"cjd2zqdj20gc50128bjlduq85","fieldName":"role"}],[{"_typeName":"Role","id":"cjcueuc3x9hwg0189w5y24gdx","fieldName":"staffs"},{"_typeName":"Person","id":"cjd2zqdkr0gc901289ar060u1","fieldName":"role"}],[{"_typeName":"Role","id":"cjcudoqsy80hv0189grqbyd0n","fieldName":"staffs"},{"_typeName":"Person","id":"cjd2zqdm40gcd0128uet4vuaw","fieldName":"role"}],[{"_typeName":"Role","id":"cjcwv8jurl2fm018959wzzsw7","fieldName":"staffs"},{"_typeName":"Person","id":"cjd2zqdnj0gch0128igtb24uh","fieldName":"role"}],[{"_typeName":"Role","id":"cjcwv8jurl2fm018959wzzsw7","fieldName":"staffs"},{"_typeName":"Person","id":"cjd2zqdqy0gco0128p1qfrqvu","fieldName":"role"}],[{"_typeName":"Role","id":"cjcudoqsy80hv0189grqbyd0n","fieldName":"staffs"},{"_typeName":"Person","id":"cjd2zqdso0gd601289vns2xh8","fieldName":"role"}],[{"_typeName":"Role","id":"cjcsm3oxjd1kf0113sw0e5n01","fieldName":"staffs"},{"_typeName":"Person","id":"cjd2zqduj0gdc0128wn7trvdt","fieldName":"role"}],[{"_typeName":"Role","id":"cjcueqgbg9f4f0189dtxxbq5q","fieldName":"staffs"},{"_typeName":"Person","id":"cjd2zrbqf0gk90128m3zzfn4q","fieldName":"role"}],[{"_typeName":"Role","id":"cjcsm9vepd70h0113xhpt8l4w","fieldName":"staffs"},{"_typeName":"Person","id":"cjd2zrbrt0gkd012845jxi9wu","fieldName":"role"}],[{"_typeName":"Role","id":"cjcsm3oxjd1kf0113sw0e5n01","fieldName":"staffs"},{"_typeName":"Person","id":"cjd2zrbt20gkh01282ujjt403","fieldName":"role"}],[{"_typeName":"Role","id":"cjcwv8jurl2fm018959wzzsw7","fieldName":"staffs"},{"_typeName":"Person","id":"cjd2zrbuc0gkl0128u49c6n2n","fieldName":"role"}],[{"_typeName":"Role","id":"cjcueqgbg9f4f0189dtxxbq5q","fieldName":"staffs"},{"_typeName":"Person","id":"cjd2zrbvh0gkp01281qub6loe","fieldName":"role"}],[{"_typeName":"Role","id":"cjcsm3oxjd1kf0113sw0e5n01","fieldName":"staffs"},{"_typeName":"Person","id":"cjd2zrbwq0gkt0128aixqad3w","fieldName":"role"}],[{"_typeName":"Role","id":"cjcwv8jurl2fm018959wzzsw7","fieldName":"staffs"},{"_typeName":"Person","id":"cjd2zrbyb0gkx0128f2jjk1bc","fieldName":"role"}],[{"_typeName":"Role","id":"cjcuhrqwhc6hz01890reik4yh","fieldName":"staffs"},{"_typeName":"Person","id":"cjd2zrbzs0gl10128z2ub9974","fieldName":"role"}],[{"_typeName":"Role","id":"cjcuf2xn29nrd0189y1z60vdl","fieldName":"staffs"},{"_typeName":"Person","id":"cjd2zrc140gl501288wu0blkm","fieldName":"role"}],[{"_typeName":"Role","id":"cjcuhrqwhc6hz01890reik4yh","fieldName":"staffs"},{"_typeName":"Person","id":"cjd2zrc280gl90128qakwpl5g","fieldName":"role"}],[{"_typeName":"Role","id":"cjcueuc3x9hwg0189w5y24gdx","fieldName":"staffs"},{"_typeName":"Person","id":"cjd2zrc3f0gld01281yvr07tf","fieldName":"role"}],[{"_typeName":"Role","id":"cjcsm3oxjd1kf0113sw0e5n01","fieldName":"staffs"},{"_typeName":"Person","id":"cjd2zrc4j0gli01288e5l7iw6","fieldName":"role"}],[{"_typeName":"Role","id":"cjcudoqsy80hv0189grqbyd0n","fieldName":"staffs"},{"_typeName":"Person","id":"cjd2zrc5p0glm0128u64225fn","fieldName":"role"}],[{"_typeName":"Role","id":"cjcueuc3x9hwg0189w5y24gdx","fieldName":"staffs"},{"_typeName":"Person","id":"cjd2zrc8r0glq0128srm9p0yw","fieldName":"role"}],[{"_typeName":"Role","id":"cjcsm3oxjd1kf0113sw0e5n01","fieldName":"staffs"},{"_typeName":"Person","id":"cjd2zrcb90glu0128gy26fpw2","fieldName":"role"}],[{"_typeName":"Role","id":"cjcsm9vepd70h0113xhpt8l4w","fieldName":"staffs"},{"_typeName":"Person","id":"cjd2zrcc80gly0128nhden00n","fieldName":"role"}],[{"_typeName":"Role","id":"cjcwvb29nl4ge0189olj60d97","fieldName":"staffs"},{"_typeName":"Person","id":"cjd2zrcd60gm20128irwnl61n","fieldName":"role"}],[{"_typeName":"Role","id":"cjcsm9vepd70h0113xhpt8l4w","fieldName":"staffs"},{"_typeName":"Person","id":"cjd2zrcg50gm60128jg05ql75","fieldName":"role"}],[{"_typeName":"Role","id":"cjcsm68m9d3h00113yrsdjs8p","fieldName":"staffs"},{"_typeName":"Person","id":"cjd2zrch50gma01287025xoe7","fieldName":"role"}],[{"_typeName":"Role","id":"cjcwvb29nl4ge0189olj60d97","fieldName":"staffs"},{"_typeName":"Person","id":"cjd2zrci00gme0128onx2ii8f","fieldName":"role"}],[{"_typeName":"Role","id":"cjcudoqsy80hv0189grqbyd0n","fieldName":"staffs"},{"_typeName":"Person","id":"cjd2zrciy0gmi0128xee1f94n","fieldName":"role"}],[{"_typeName":"Role","id":"cjcwvb29nl4ge0189olj60d97","fieldName":"staffs"},{"_typeName":"Person","id":"cjd2zrcjw0gmm0128h9pmrovn","fieldName":"role"}],[{"_typeName":"Role","id":"cjcueqgbg9f4f0189dtxxbq5q","fieldName":"staffs"},{"_typeName":"Person","id":"cjd2zrcks0gmq012895riex0j","fieldName":"role"}],[{"_typeName":"Role","id":"cjcsm9vepd70h0113xhpt8l4w","fieldName":"staffs"},{"_typeName":"Person","id":"cjd2zrcm80gmu01284yutjj7j","fieldName":"role"}],[{"_typeName":"Role","id":"cjcwv8jurl2fm018959wzzsw7","fieldName":"staffs"},{"_typeName":"Person","id":"cjd2zrcn40gmy0128vbvvbh30","fieldName":"role"}],[{"_typeName":"Role","id":"cjcuf2xn29nrd0189y1z60vdl","fieldName":"staffs"},{"_typeName":"Person","id":"cjd2zrco30gn20128syp51opk","fieldName":"role"}],[{"_typeName":"Role","id":"cjcuf2xn29nrd0189y1z60vdl","fieldName":"staffs"},{"_typeName":"Person","id":"cjd2zrcp10gn60128epg4gv4p","fieldName":"role"}],[{"_typeName":"Role","id":"cjcsm9vepd70h0113xhpt8l4w","fieldName":"staffs"},{"_typeName":"Person","id":"cjd2zrcrb0gna0128mbru3g6y","fieldName":"role"}],[{"_typeName":"Role","id":"cjcsm68m9d3h00113yrsdjs8p","fieldName":"staffs"},{"_typeName":"Person","id":"cjd2zrcsh0gne0128f6ltq319","fieldName":"role"}],[{"_typeName":"Role","id":"cjcwvb29nl4ge0189olj60d97","fieldName":"staffs"},{"_typeName":"Person","id":"cjd2zrctp0gni01288tf8iqie","fieldName":"role"}],[{"_typeName":"Role","id":"cjcueqgbg9f4f0189dtxxbq5q","fieldName":"staffs"},{"_typeName":"Person","id":"cjd2zrcus0gnm01282jr2bovu","fieldName":"role"}],[{"_typeName":"Role","id":"cjcwvb29nl4ge0189olj60d97","fieldName":"staffs"},{"_typeName":"Person","id":"cjd2zrcw10gnq0128c5ql2m3g","fieldName":"role"}],[{"_typeName":"Role","id":"cjcwvb29nl4ge0189olj60d97","fieldName":"staffs"},{"_typeName":"Person","id":"cjd2zrcxe0gnu01280qlwgvwy","fieldName":"role"}],[{"_typeName":"Role","id":"cjcuf2xn29nrd0189y1z60vdl","fieldName":"staffs"},{"_typeName":"Person","id":"cjd2zrcyj0gny0128hrswbfau","fieldName":"role"}],[{"_typeName":"Role","id":"cjcwvb29nl4ge0189olj60d97","fieldName":"staffs"},{"_typeName":"Person","id":"cjd2zrczo0go201281jmu569j","fieldName":"role"}],[{"_typeName":"Role","id":"cjcueuc3x9hwg0189w5y24gdx","fieldName":"staffs"},{"_typeName":"Person","id":"cjd2zrd0u0go601284y950hkc","fieldName":"role"}],[{"_typeName":"Role","id":"cjcueuc3x9hwg0189w5y24gdx","fieldName":"staffs"},{"_typeName":"Person","id":"cjd2zrd210goa0128trqsoljc","fieldName":"role"}],[{"_typeName":"Role","id":"cjcuf2xn29nrd0189y1z60vdl","fieldName":"staffs"},{"_typeName":"Person","id":"cjd2zrd350goe0128vi5shddk","fieldName":"role"}],[{"_typeName":"Role","id":"cjcudoqsy80hv0189grqbyd0n","fieldName":"staffs"},{"_typeName":"Person","id":"cjd2zrd4b0goj01281tdo2vyx","fieldName":"role"}],[{"_typeName":"Role","id":"cjcwvb29nl4ge0189olj60d97","fieldName":"staffs"},{"_typeName":"Person","id":"cjd2zrd5h0gon0128hfqb1ti4","fieldName":"role"}],[{"_typeName":"Role","id":"cjcsm9vepd70h0113xhpt8l4w","fieldName":"staffs"},{"_typeName":"Person","id":"cjd2zrd8h0got0128jyy5mbfv","fieldName":"role"}],[{"_typeName":"Role","id":"cjcsm9vepd70h0113xhpt8l4w","fieldName":"staffs"},{"_typeName":"Person","id":"cjd2zrd9o0gox0128u0dk8bg8","fieldName":"role"}],[{"_typeName":"Role","id":"cjcudoqsy80hv0189grqbyd0n","fieldName":"staffs"},{"_typeName":"Person","id":"cjd2zrdau0gp10128kgizvdyy","fieldName":"role"}],[{"_typeName":"Role","id":"cjcsm68m9d3h00113yrsdjs8p","fieldName":"staffs"},{"_typeName":"Person","id":"cjd2zrdc00gp801281nwg3mxp","fieldName":"role"}],[{"_typeName":"Role","id":"cjcueuc3x9hwg0189w5y24gdx","fieldName":"staffs"},{"_typeName":"Person","id":"cjd2zrdda0gpg0128sryqjwtv","fieldName":"role"}],[{"_typeName":"Role","id":"cjcuhrqwhc6hz01890reik4yh","fieldName":"staffs"},{"_typeName":"Person","id":"cjd2zrdel0gpm0128eufngov3","fieldName":"role"}],[{"_typeName":"Role","id":"cjcudoqsy80hv0189grqbyd0n","fieldName":"staffs"},{"_typeName":"Person","id":"cjd2zrdha0gpr0128ctmcad2i","fieldName":"role"}],[{"_typeName":"Role","id":"cjcueuc3x9hwg0189w5y24gdx","fieldName":"staffs"},{"_typeName":"Person","id":"cjd2zrdig0gpv012868lytg7o","fieldName":"role"}],[{"_typeName":"Role","id":"cjcsm68m9d3h00113yrsdjs8p","fieldName":"staffs"},{"_typeName":"Person","id":"cjd2zrdjp0gq0012871loxtcz","fieldName":"role"}],[{"_typeName":"Role","id":"cjcudoqsy80hv0189grqbyd0n","fieldName":"staffs"},{"_typeName":"Person","id":"cjd2zrdkt0gq50128ciy6db38","fieldName":"role"}],[{"_typeName":"Role","id":"cjcueuc3x9hwg0189w5y24gdx","fieldName":"staffs"},{"_typeName":"Person","id":"cjd2zrdly0gqa0128eitd5vzx","fieldName":"role"}],[{"_typeName":"Role","id":"cjcudoqsy80hv0189grqbyd0n","fieldName":"staffs"},{"_typeName":"Person","id":"cjd2zrdn50gqe0128we0sx8l5","fieldName":"role"}],[{"_typeName":"Role","id":"cjcudoqsy80hv0189grqbyd0n","fieldName":"staffs"},{"_typeName":"Person","id":"cjd2zrdoa0gqi0128jl32vluw","fieldName":"role"}],[{"_typeName":"Role","id":"cjcudoqsy80hv0189grqbyd0n","fieldName":"staffs"},{"_typeName":"Person","id":"cjd2zrdpg0gqm012845s9aen0","fieldName":"role"}],[{"_typeName":"Role","id":"cjcudoqsy80hv0189grqbyd0n","fieldName":"staffs"},{"_typeName":"Person","id":"cjd2zrdqm0gqq0128xqbxfdy2","fieldName":"role"}],[{"_typeName":"Role","id":"cjcueuc3x9hwg0189w5y24gdx","fieldName":"staffs"},{"_typeName":"Person","id":"cjd2zrdrr0gqu0128e9p9c68f","fieldName":"role"}],[{"_typeName":"Role","id":"cjcsm68m9d3h00113yrsdjs8p","fieldName":"staffs"},{"_typeName":"Person","id":"cjd2zrdsx0gqy0128b8loer9z","fieldName":"role"}],[{"_typeName":"Role","id":"cjcueqgbg9f4f0189dtxxbq5q","fieldName":"staffs"},{"_typeName":"Person","id":"cjd2zrdu30gr20128r5vh560a","fieldName":"role"}],[{"_typeName":"Role","id":"cjcsm9vepd70h0113xhpt8l4w","fieldName":"staffs"},{"_typeName":"Person","id":"cjd2zrdwr0gr70128dz79793c","fieldName":"role"}],[{"_typeName":"Role","id":"cjcudoqsy80hv0189grqbyd0n","fieldName":"staffs"},{"_typeName":"Person","id":"cjd2zrdzn0grc0128xw6tnqep","fieldName":"role"}],[{"_typeName":"Role","id":"cjcuhrqwhc6hz01890reik4yh","fieldName":"staffs"},{"_typeName":"Person","id":"cjd2zre100grg01283fgnhh9x","fieldName":"role"}],[{"_typeName":"Role","id":"cjcuhrqwhc6hz01890reik4yh","fieldName":"staffs"},{"_typeName":"Person","id":"cjd2zre280grk0128kvhwabga","fieldName":"role"}],[{"_typeName":"Role","id":"cjcsm68m9d3h00113yrsdjs8p","fieldName":"staffs"},{"_typeName":"Person","id":"cjd2zre3d0gro0128jmrnhrf9","fieldName":"role"}],[{"_typeName":"Role","id":"cjcudoqsy80hv0189grqbyd0n","fieldName":"staffs"},{"_typeName":"Person","id":"cjd2zre4j0grs0128d4n72gje","fieldName":"role"}],[{"_typeName":"Role","id":"cjcwvb29nl4ge0189olj60d97","fieldName":"staffs"},{"_typeName":"Person","id":"cjd2zre5q0grw0128uj0le0b2","fieldName":"role"}],[{"_typeName":"Role","id":"cjcueqgbg9f4f0189dtxxbq5q","fieldName":"staffs"},{"_typeName":"Person","id":"cjd2zre6u0gs001283ercejau","fieldName":"role"}],[{"_typeName":"Role","id":"cjcsm9vepd70h0113xhpt8l4w","fieldName":"staffs"},{"_typeName":"Person","id":"cjd2zre800gs40128gzvibqzd","fieldName":"role"}],[{"_typeName":"Role","id":"cjcueqgbg9f4f0189dtxxbq5q","fieldName":"staffs"},{"_typeName":"Person","id":"cjd2zre950gs80128gi3be5r7","fieldName":"role"}],[{"_typeName":"Role","id":"cjcwvb29nl4ge0189olj60d97","fieldName":"staffs"},{"_typeName":"Person","id":"cjd2zread0gsc0128c6reg6ke","fieldName":"role"}],[{"_typeName":"Role","id":"cjcwv8jurl2fm018959wzzsw7","fieldName":"staffs"},{"_typeName":"Person","id":"cjd2zrebh0gsg0128zoufdtcu","fieldName":"role"}],[{"_typeName":"Role","id":"cjcudoqsy80hv0189grqbyd0n","fieldName":"staffs"},{"_typeName":"Person","id":"cjd2zred30gsk012897tlolou","fieldName":"role"}],[{"_typeName":"Role","id":"cjcsm68m9d3h00113yrsdjs8p","fieldName":"staffs"},{"_typeName":"Person","id":"cjd2zreej0gso0128m6b7mkut","fieldName":"role"}],[{"_typeName":"Role","id":"cjcueqgbg9f4f0189dtxxbq5q","fieldName":"staffs"},{"_typeName":"Person","id":"cjd2zrefw0gss01286t8evwrp","fieldName":"role"}],[{"_typeName":"Role","id":"cjcueqgbg9f4f0189dtxxbq5q","fieldName":"staffs"},{"_typeName":"Person","id":"cjd2zreh20gsw01289gbnjwz7","fieldName":"role"}],[{"_typeName":"Role","id":"cjcsm68m9d3h00113yrsdjs8p","fieldName":"staffs"},{"_typeName":"Person","id":"cjd2zrei90gt00128uwsxv730","fieldName":"role"}],[{"_typeName":"Role","id":"cjcudoqsy80hv0189grqbyd0n","fieldName":"staffs"},{"_typeName":"Person","id":"cjd2zrej70gt401282n0v5jwi","fieldName":"role"}],[{"_typeName":"Role","id":"cjcsm3oxjd1kf0113sw0e5n01","fieldName":"staffs"},{"_typeName":"Person","id":"cjd2zrekj0gt8012867wdreo0","fieldName":"role"}],[{"_typeName":"Role","id":"cjcuf2xn29nrd0189y1z60vdl","fieldName":"staffs"},{"_typeName":"Person","id":"cjd2zrelh0gtc0128oqxnzfkn","fieldName":"role"}],[{"_typeName":"Role","id":"cjcudoqsy80hv0189grqbyd0n","fieldName":"staffs"},{"_typeName":"Person","id":"cjd2zremf0gtg0128zpo6a30o","fieldName":"role"}],[{"_typeName":"Role","id":"cjcwv8jurl2fm018959wzzsw7","fieldName":"staffs"},{"_typeName":"Person","id":"cjd2zrenc0gtk01283xcl9qss","fieldName":"role"}],[{"_typeName":"Role","id":"cjcuf2xn29nrd0189y1z60vdl","fieldName":"staffs"},{"_typeName":"Person","id":"cjd2zreoo0gto0128q3lxb6m8","fieldName":"role"}],[{"_typeName":"Role","id":"cjcwvb29nl4ge0189olj60d97","fieldName":"staffs"},{"_typeName":"Person","id":"cjd2zresi0gts0128nn1en16p","fieldName":"role"}],[{"_typeName":"Role","id":"cjcueqgbg9f4f0189dtxxbq5q","fieldName":"staffs"},{"_typeName":"Person","id":"cjd2zretd0gtw012898e0dz95","fieldName":"role"}],[{"_typeName":"Role","id":"cjcuf2xn29nrd0189y1z60vdl","fieldName":"staffs"},{"_typeName":"Person","id":"cjd2zreuf0gu00128ht97ydva","fieldName":"role"}],[{"_typeName":"Role","id":"cjcueqgbg9f4f0189dtxxbq5q","fieldName":"staffs"},{"_typeName":"Person","id":"cjd2zrevg0gu40128ph1uj167","fieldName":"role"}],[{"_typeName":"Role","id":"cjcuhrqwhc6hz01890reik4yh","fieldName":"staffs"},{"_typeName":"Person","id":"cjd2zrewd0gu801288x2lrp2b","fieldName":"role"}],[{"_typeName":"Role","id":"cjcsm9vepd70h0113xhpt8l4w","fieldName":"staffs"},{"_typeName":"Person","id":"cjd2zrexc0guc0128j0hcx90y","fieldName":"role"}],[{"_typeName":"Role","id":"cjcsm9vepd70h0113xhpt8l4w","fieldName":"staffs"},{"_typeName":"Person","id":"cjd2zrey80gug0128710ew0fk","fieldName":"role"}],[{"_typeName":"Role","id":"cjcueqgbg9f4f0189dtxxbq5q","fieldName":"staffs"},{"_typeName":"Person","id":"cjd2zrez60guk0128f57c00nc","fieldName":"role"}],[{"_typeName":"Role","id":"cjcudoqsy80hv0189grqbyd0n","fieldName":"staffs"},{"_typeName":"Person","id":"cjd2zrf0d0guo0128jt01jy8v","fieldName":"role"}],[{"_typeName":"Role","id":"cjcsm9vepd70h0113xhpt8l4w","fieldName":"staffs"},{"_typeName":"Person","id":"cjd2zrf2m0gus0128lhhqceml","fieldName":"role"}],[{"_typeName":"Role","id":"cjcuf2xn29nrd0189y1z60vdl","fieldName":"staffs"},{"_typeName":"Person","id":"cjd2zrf5n0guw0128bgn1q7dw","fieldName":"role"}],[{"_typeName":"Role","id":"cjcwvb29nl4ge0189olj60d97","fieldName":"staffs"},{"_typeName":"Person","id":"cjd2zrf720gv00128v5sezgpg","fieldName":"role"}],[{"_typeName":"Role","id":"cjcsm9vepd70h0113xhpt8l4w","fieldName":"staffs"},{"_typeName":"Person","id":"cjd2zrf890gv401288nrs044s","fieldName":"role"}],[{"_typeName":"Role","id":"cjcudoqsy80hv0189grqbyd0n","fieldName":"staffs"},{"_typeName":"Person","id":"cjd2zrfag0gv801281xfojkzh","fieldName":"role"}],[{"_typeName":"Role","id":"cjcudoqsy80hv0189grqbyd0n","fieldName":"staffs"},{"_typeName":"Person","id":"cjd2zrfbi0gvc0128bddjmbs5","fieldName":"role"}],[{"_typeName":"Role","id":"cjcudoqsy80hv0189grqbyd0n","fieldName":"staffs"},{"_typeName":"Person","id":"cjd2zrfcp0gvg012899q1qxxp","fieldName":"role"}],[{"_typeName":"Role","id":"cjcuf2xn29nrd0189y1z60vdl","fieldName":"staffs"},{"_typeName":"Person","id":"cjd2zrfdy0gvk0128eorm3j2h","fieldName":"role"}],[{"_typeName":"Role","id":"cjcuhrqwhc6hz01890reik4yh","fieldName":"staffs"},{"_typeName":"Person","id":"cjd2zrff70gvo0128ff8wt18m","fieldName":"role"}],[{"_typeName":"Role","id":"cjcueuc3x9hwg0189w5y24gdx","fieldName":"staffs"},{"_typeName":"Person","id":"cjd2zrfgc0gvs0128fl42z9ej","fieldName":"role"}],[{"_typeName":"Role","id":"cjcwv8jurl2fm018959wzzsw7","fieldName":"staffs"},{"_typeName":"Person","id":"cjd2zse2a0h3b0128ahz57msx","fieldName":"role"}],[{"_typeName":"Role","id":"cjcsm9vepd70h0113xhpt8l4w","fieldName":"staffs"},{"_typeName":"Person","id":"cjd2zse3m0h3f0128ovcbme9e","fieldName":"role"}],[{"_typeName":"Role","id":"cjcuhrqwhc6hz01890reik4yh","fieldName":"staffs"},{"_typeName":"Person","id":"cjd2zse4q0h3j0128uhjle5id","fieldName":"role"}],[{"_typeName":"Role","id":"cjcwv8jurl2fm018959wzzsw7","fieldName":"staffs"},{"_typeName":"Person","id":"cjd2zse5x0h3n0128pjdtxeah","fieldName":"role"}],[{"_typeName":"Role","id":"cjcwv8jurl2fm018959wzzsw7","fieldName":"staffs"},{"_typeName":"Person","id":"cjd2zse7d0h3r0128cyheuw3u","fieldName":"role"}],[{"_typeName":"Role","id":"cjcueqgbg9f4f0189dtxxbq5q","fieldName":"staffs"},{"_typeName":"Person","id":"cjd2zse9e0h3v0128oofvjoo4","fieldName":"role"}],[{"_typeName":"Role","id":"cjcueuc3x9hwg0189w5y24gdx","fieldName":"staffs"},{"_typeName":"Person","id":"cjd2zseai0h3z0128dfii16ho","fieldName":"role"}],[{"_typeName":"Role","id":"cjcudoqsy80hv0189grqbyd0n","fieldName":"staffs"},{"_typeName":"Person","id":"cjd2zsebo0h430128wemrdpy1","fieldName":"role"}],[{"_typeName":"Role","id":"cjcsm9vepd70h0113xhpt8l4w","fieldName":"staffs"},{"_typeName":"Person","id":"cjd2zsecv0h470128g4jrn53u","fieldName":"role"}],[{"_typeName":"Role","id":"cjcueqgbg9f4f0189dtxxbq5q","fieldName":"staffs"},{"_typeName":"Person","id":"cjd2zsee50h4b0128wtysvqof","fieldName":"role"}],[{"_typeName":"Role","id":"cjcueqgbg9f4f0189dtxxbq5q","fieldName":"staffs"},{"_typeName":"Person","id":"cjd2zseff0h4g0128p4cknm1u","fieldName":"role"}],[{"_typeName":"Role","id":"cjcudoqsy80hv0189grqbyd0n","fieldName":"staffs"},{"_typeName":"Person","id":"cjd2zsegk0h4k0128as52iw3l","fieldName":"role"}],[{"_typeName":"Role","id":"cjcsm9vepd70h0113xhpt8l4w","fieldName":"staffs"},{"_typeName":"Person","id":"cjd2zsehq0h4o01284nx4ak8c","fieldName":"role"}],[{"_typeName":"Role","id":"cjcueuc3x9hwg0189w5y24gdx","fieldName":"staffs"},{"_typeName":"Person","id":"cjd2zseiv0h4s01285jyxwkom","fieldName":"role"}],[{"_typeName":"Role","id":"cjcsm3oxjd1kf0113sw0e5n01","fieldName":"staffs"},{"_typeName":"Person","id":"cjd2zsek30h4w0128sachuw97","fieldName":"role"}],[{"_typeName":"Role","id":"cjcwvb29nl4ge0189olj60d97","fieldName":"staffs"},{"_typeName":"Person","id":"cjd2zsel80h500128zhboohcm","fieldName":"role"}],[{"_typeName":"Role","id":"cjcuf2xn29nrd0189y1z60vdl","fieldName":"staffs"},{"_typeName":"Person","id":"cjd2zsemc0h540128dgkk7zi8","fieldName":"role"}],[{"_typeName":"Role","id":"cjcsm9vepd70h0113xhpt8l4w","fieldName":"staffs"},{"_typeName":"Person","id":"cjd2zseni0h580128bxuxjwpq","fieldName":"role"}],[{"_typeName":"Role","id":"cjcsm68m9d3h00113yrsdjs8p","fieldName":"staffs"},{"_typeName":"Person","id":"cjd2zseoo0h5c0128c24bgvul","fieldName":"role"}],[{"_typeName":"Role","id":"cjcsm68m9d3h00113yrsdjs8p","fieldName":"staffs"},{"_typeName":"Person","id":"cjd2zsepv0h5h0128sbxmvgen","fieldName":"role"}],[{"_typeName":"Role","id":"cjcudoqsy80hv0189grqbyd0n","fieldName":"staffs"},{"_typeName":"Person","id":"cjd2zser10h5l0128egnwbhc4","fieldName":"role"}],[{"_typeName":"Role","id":"cjcwvb29nl4ge0189olj60d97","fieldName":"staffs"},{"_typeName":"Person","id":"cjd2zses70h5p0128p7u5puic","fieldName":"role"}],[{"_typeName":"Role","id":"cjcsm3oxjd1kf0113sw0e5n01","fieldName":"staffs"},{"_typeName":"Person","id":"cjd2zsetb0h5t0128u5ovxn3l","fieldName":"role"}],[{"_typeName":"Role","id":"cjcueqgbg9f4f0189dtxxbq5q","fieldName":"staffs"},{"_typeName":"Person","id":"cjd2zseuh0h5x0128m5tmt0l4","fieldName":"role"}],[{"_typeName":"Role","id":"cjcueqgbg9f4f0189dtxxbq5q","fieldName":"staffs"},{"_typeName":"Person","id":"cjd2zsexr0h6101285vfn7aaq","fieldName":"role"}],[{"_typeName":"Role","id":"cjcwvb29nl4ge0189olj60d97","fieldName":"staffs"},{"_typeName":"Person","id":"cjd2zsf1x0h6501282yxjwspg","fieldName":"role"}],[{"_typeName":"Role","id":"cjcwvb29nl4ge0189olj60d97","fieldName":"staffs"},{"_typeName":"Person","id":"cjd2zsf3r0h69012842p9oisb","fieldName":"role"}],[{"_typeName":"Role","id":"cjcuhrqwhc6hz01890reik4yh","fieldName":"staffs"},{"_typeName":"Person","id":"cjd2zsf4p0h6d0128m4vz0bqm","fieldName":"role"}],[{"_typeName":"Role","id":"cjcsm68m9d3h00113yrsdjs8p","fieldName":"staffs"},{"_typeName":"Person","id":"cjd2zsf5n0h6h0128f3ydhvej","fieldName":"role"}],[{"_typeName":"Role","id":"cjcsm3oxjd1kf0113sw0e5n01","fieldName":"staffs"},{"_typeName":"Person","id":"cjd2zsf6k0h6l0128urvhv3o0","fieldName":"role"}],[{"_typeName":"Role","id":"cjcudoqsy80hv0189grqbyd0n","fieldName":"staffs"},{"_typeName":"Person","id":"cjd2zsf7i0h6p0128zhqmy96h","fieldName":"role"}],[{"_typeName":"Role","id":"cjcsm9vepd70h0113xhpt8l4w","fieldName":"staffs"},{"_typeName":"Person","id":"cjd2zsf8g0h6t0128drm0adp9","fieldName":"role"}],[{"_typeName":"Role","id":"cjcwv8jurl2fm018959wzzsw7","fieldName":"staffs"},{"_typeName":"Person","id":"cjd2zsf9c0h6x0128yefc2ada","fieldName":"role"}],[{"_typeName":"Role","id":"cjcsm3oxjd1kf0113sw0e5n01","fieldName":"staffs"},{"_typeName":"Person","id":"cjd2zsfaa0h710128o3rakw7y","fieldName":"role"}],[{"_typeName":"Role","id":"cjcuhrqwhc6hz01890reik4yh","fieldName":"staffs"},{"_typeName":"Person","id":"cjd2zsfb70h7501286d9jixa3","fieldName":"role"}],[{"_typeName":"Role","id":"cjcueuc3x9hwg0189w5y24gdx","fieldName":"staffs"},{"_typeName":"Person","id":"cjd2zsfd20h790128ofmcmwi9","fieldName":"role"}],[{"_typeName":"Role","id":"cjcwvb29nl4ge0189olj60d97","fieldName":"staffs"},{"_typeName":"Person","id":"cjd2zsfe00h7d0128k6qylexn","fieldName":"role"}],[{"_typeName":"Role","id":"cjcudoqsy80hv0189grqbyd0n","fieldName":"staffs"},{"_typeName":"Person","id":"cjd2zsfey0h7h0128lt688kb4","fieldName":"role"}],[{"_typeName":"Role","id":"cjcsm9vepd70h0113xhpt8l4w","fieldName":"staffs"},{"_typeName":"Person","id":"cjd2zsffu0h7l0128u0ajeliz","fieldName":"role"}],[{"_typeName":"Role","id":"cjcsm3oxjd1kf0113sw0e5n01","fieldName":"staffs"},{"_typeName":"Person","id":"cjd2zsfgt0h7p01289ne60n7j","fieldName":"role"}],[{"_typeName":"Role","id":"cjcuhrqwhc6hz01890reik4yh","fieldName":"staffs"},{"_typeName":"Person","id":"cjd2zsfhp0h7t01286n817ip5","fieldName":"role"}],[{"_typeName":"Role","id":"cjcwvb29nl4ge0189olj60d97","fieldName":"staffs"},{"_typeName":"Person","id":"cjd2zsfiv0h7x0128mvwsljt2","fieldName":"role"}],[{"_typeName":"Role","id":"cjcsm3oxjd1kf0113sw0e5n01","fieldName":"staffs"},{"_typeName":"Person","id":"cjd2zsfk20h810128b3311dmn","fieldName":"role"}],[{"_typeName":"Role","id":"cjcsm3oxjd1kf0113sw0e5n01","fieldName":"staffs"},{"_typeName":"Person","id":"cjd2zsfl70h8501280bymeopp","fieldName":"role"}],[{"_typeName":"Role","id":"cjcwv8jurl2fm018959wzzsw7","fieldName":"staffs"},{"_typeName":"Person","id":"cjd2zsfmd0h890128c793asxq","fieldName":"role"}],[{"_typeName":"Role","id":"cjcuhrqwhc6hz01890reik4yh","fieldName":"staffs"},{"_typeName":"Person","id":"cjd2zsfni0h8d0128c8o0o5cv","fieldName":"role"}],[{"_typeName":"Role","id":"cjcueuc3x9hwg0189w5y24gdx","fieldName":"staffs"},{"_typeName":"Person","id":"cjd2zsfoo0h8h01286nv0sge3","fieldName":"role"}],[{"_typeName":"Role","id":"cjcudoqsy80hv0189grqbyd0n","fieldName":"staffs"},{"_typeName":"Person","id":"cjd2zsfpt0h8l012872m12qlr","fieldName":"role"}],[{"_typeName":"Role","id":"cjcsm9vepd70h0113xhpt8l4w","fieldName":"staffs"},{"_typeName":"Person","id":"cjd2zsfqz0h8q0128n9zo6zd4","fieldName":"role"}],[{"_typeName":"Role","id":"cjcwv8jurl2fm018959wzzsw7","fieldName":"staffs"},{"_typeName":"Person","id":"cjd2zsfuq0h8w0128nz1xa06b","fieldName":"role"}],[{"_typeName":"Role","id":"cjcwvb29nl4ge0189olj60d97","fieldName":"staffs"},{"_typeName":"Person","id":"cjd2zsfvu0h900128dnholb77","fieldName":"role"}],[{"_typeName":"Role","id":"cjcudoqsy80hv0189grqbyd0n","fieldName":"staffs"},{"_typeName":"Person","id":"cjd2zsfyw0h9d0128km8razkh","fieldName":"role"}],[{"_typeName":"Role","id":"cjcsm3oxjd1kf0113sw0e5n01","fieldName":"staffs"},{"_typeName":"Person","id":"cjd2zsg020h9i0128slanvgg1","fieldName":"role"}],[{"_typeName":"Role","id":"cjcsm9vepd70h0113xhpt8l4w","fieldName":"staffs"},{"_typeName":"Person","id":"cjd2zsg180h9m0128c92n7vg8","fieldName":"role"}],[{"_typeName":"Role","id":"cjcsm68m9d3h00113yrsdjs8p","fieldName":"staffs"},{"_typeName":"Person","id":"cjd2zsg2d0h9q012865zww5zr","fieldName":"role"}],[{"_typeName":"Role","id":"cjcwvb29nl4ge0189olj60d97","fieldName":"staffs"},{"_typeName":"Person","id":"cjd2zsg3j0h9u0128sc21agr2","fieldName":"role"}],[{"_typeName":"Role","id":"cjcueqgbg9f4f0189dtxxbq5q","fieldName":"staffs"},{"_typeName":"Person","id":"cjd2zsg4p0h9z0128qe3ete9o","fieldName":"role"}],[{"_typeName":"Role","id":"cjcuhrqwhc6hz01890reik4yh","fieldName":"staffs"},{"_typeName":"Person","id":"cjd2zsg5w0ha40128mg1rxt61","fieldName":"role"}],[{"_typeName":"Role","id":"cjcsm9vepd70h0113xhpt8l4w","fieldName":"staffs"},{"_typeName":"Person","id":"cjd2zsg720ha901285v0t0cwc","fieldName":"role"}],[{"_typeName":"Role","id":"cjcueqgbg9f4f0189dtxxbq5q","fieldName":"staffs"},{"_typeName":"Person","id":"cjd2zsg890had0128m442a5tj","fieldName":"role"}],[{"_typeName":"Role","id":"cjcuhrqwhc6hz01890reik4yh","fieldName":"staffs"},{"_typeName":"Person","id":"cjd2zsg9d0hah0128olqbgw42","fieldName":"role"}],[{"_typeName":"Role","id":"cjcudoqsy80hv0189grqbyd0n","fieldName":"staffs"},{"_typeName":"Person","id":"cjd2zsgaj0hal0128lx080e5r","fieldName":"role"}],[{"_typeName":"Role","id":"cjcsm3oxjd1kf0113sw0e5n01","fieldName":"staffs"},{"_typeName":"Person","id":"cjd2zsgbo0hap0128gsoaobdu","fieldName":"role"}],[{"_typeName":"Role","id":"cjcuhrqwhc6hz01890reik4yh","fieldName":"staffs"},{"_typeName":"Person","id":"cjd2zsgcu0hat01281gnu9140","fieldName":"role"}],[{"_typeName":"Role","id":"cjcwvb29nl4ge0189olj60d97","fieldName":"staffs"},{"_typeName":"Person","id":"cjd2zsge00hax01283czg3alv","fieldName":"role"}],[{"_typeName":"Role","id":"cjcueqgbg9f4f0189dtxxbq5q","fieldName":"staffs"},{"_typeName":"Person","id":"cjd2zsgff0hb20128r8fxmn6u","fieldName":"role"}],[{"_typeName":"Role","id":"cjcsm3oxjd1kf0113sw0e5n01","fieldName":"staffs"},{"_typeName":"Person","id":"cjd2zsggm0hb60128xec3csk6","fieldName":"role"}],[{"_typeName":"Role","id":"cjcwv8jurl2fm018959wzzsw7","fieldName":"staffs"},{"_typeName":"Person","id":"cjd2zsghq0hba0128h8xhz7be","fieldName":"role"}],[{"_typeName":"Role","id":"cjcudoqsy80hv0189grqbyd0n","fieldName":"staffs"},{"_typeName":"Person","id":"cjd2zsgix0hbf0128eqswp4fp","fieldName":"role"}],[{"_typeName":"Role","id":"cjcsm9vepd70h0113xhpt8l4w","fieldName":"staffs"},{"_typeName":"Person","id":"cjd2zsgk50hbj0128t3t0pw5p","fieldName":"role"}],[{"_typeName":"Role","id":"cjcwv8jurl2fm018959wzzsw7","fieldName":"staffs"},{"_typeName":"Person","id":"cjd2zsgl90hbn0128783ali6z","fieldName":"role"}],[{"_typeName":"Role","id":"cjcsm68m9d3h00113yrsdjs8p","fieldName":"staffs"},{"_typeName":"Person","id":"cjd2zsgme0hbr0128yaqdfj0l","fieldName":"role"}],[{"_typeName":"Role","id":"cjcuf2xn29nrd0189y1z60vdl","fieldName":"staffs"},{"_typeName":"Person","id":"cjd2zsgnl0hbv0128pwd9gg94","fieldName":"role"}],[{"_typeName":"Role","id":"cjcsm3oxjd1kf0113sw0e5n01","fieldName":"staffs"},{"_typeName":"Person","id":"cjd2zsgow0hbz0128h4lr6vka","fieldName":"role"}],[{"_typeName":"Role","id":"cjcsm3oxjd1kf0113sw0e5n01","fieldName":"staffs"},{"_typeName":"Person","id":"cjd2zsgql0hc301287997vuhq","fieldName":"role"}],[{"_typeName":"Role","id":"cjcuf2xn29nrd0189y1z60vdl","fieldName":"staffs"},{"_typeName":"Person","id":"cjd2zsgs70hc701285788hrlk","fieldName":"role"}],[{"_typeName":"Role","id":"cjcueqgbg9f4f0189dtxxbq5q","fieldName":"staffs"},{"_typeName":"Person","id":"cjd2zsgts0hcb0128u4v6md67","fieldName":"role"}],[{"_typeName":"Role","id":"cjcsm3oxjd1kf0113sw0e5n01","fieldName":"staffs"},{"_typeName":"Person","id":"cjd2zsguy0hcf0128alk155uo","fieldName":"role"}],[{"_typeName":"Role","id":"cjcwv8jurl2fm018959wzzsw7","fieldName":"staffs"},{"_typeName":"Person","id":"cjd2zsgw30hcj01282efngvh0","fieldName":"role"}],[{"_typeName":"Role","id":"cjcsm3oxjd1kf0113sw0e5n01","fieldName":"staffs"},{"_typeName":"Person","id":"cjd2zsh190hcn01282nyxn8f7","fieldName":"role"}],[{"_typeName":"Role","id":"cjcuhrqwhc6hz01890reik4yh","fieldName":"staffs"},{"_typeName":"Person","id":"cjd2zsh2w0hcr0128ec9mrnuq","fieldName":"role"}],[{"_typeName":"Role","id":"cjcwv8jurl2fm018959wzzsw7","fieldName":"staffs"},{"_typeName":"Person","id":"cjd2zsh3z0hcv0128ghvve91j","fieldName":"role"}],[{"_typeName":"Role","id":"cjcsm9vepd70h0113xhpt8l4w","fieldName":"staffs"},{"_typeName":"Person","id":"cjd2zsh7h0hcz01288qzpxi7s","fieldName":"role"}],[{"_typeName":"Role","id":"cjcwvb29nl4ge0189olj60d97","fieldName":"staffs"},{"_typeName":"Person","id":"cjd2zsh8r0hd30128j4ns6b5i","fieldName":"role"}],[{"_typeName":"Role","id":"cjcudoqsy80hv0189grqbyd0n","fieldName":"staffs"},{"_typeName":"Person","id":"cjd2zsh9v0hd701289q4nijvt","fieldName":"role"}],[{"_typeName":"Role","id":"cjcsm68m9d3h00113yrsdjs8p","fieldName":"staffs"},{"_typeName":"Person","id":"cjd2zshas0hdb0128jftpfvs9","fieldName":"role"}],[{"_typeName":"Role","id":"cjcueqgbg9f4f0189dtxxbq5q","fieldName":"staffs"},{"_typeName":"Person","id":"cjd2zshbo0hdf0128s5z4d1e8","fieldName":"role"}],[{"_typeName":"Role","id":"cjcwvb29nl4ge0189olj60d97","fieldName":"staffs"},{"_typeName":"Person","id":"cjd2zshcm0hdj01287qm3x79b","fieldName":"role"}],[{"_typeName":"Role","id":"cjcuf2xn29nrd0189y1z60vdl","fieldName":"staffs"},{"_typeName":"Person","id":"cjd2zshdj0hdn0128lysj9u3t","fieldName":"role"}],[{"_typeName":"Role","id":"cjcueqgbg9f4f0189dtxxbq5q","fieldName":"staffs"},{"_typeName":"Person","id":"cjd2zsheh0hdr0128v2ti0goy","fieldName":"role"}],[{"_typeName":"Role","id":"cjcuhrqwhc6hz01890reik4yh","fieldName":"staffs"},{"_typeName":"Person","id":"cjd2zshff0hdv01280xbjqtlq","fieldName":"role"}],[{"_typeName":"Role","id":"cjcueuc3x9hwg0189w5y24gdx","fieldName":"staffs"},{"_typeName":"Person","id":"cjd2zshh00hdz0128q8ydgvbv","fieldName":"role"}],[{"_typeName":"Role","id":"cjcudoqsy80hv0189grqbyd0n","fieldName":"staffs"},{"_typeName":"Person","id":"cjd2zshhy0he301286cl692xx","fieldName":"role"}],[{"_typeName":"Role","id":"cjcwv8jurl2fm018959wzzsw7","fieldName":"staffs"},{"_typeName":"Person","id":"cjd2zshiu0he701284hq7who1","fieldName":"role"}],[{"_typeName":"Role","id":"cjcwv8jurl2fm018959wzzsw7","fieldName":"staffs"},{"_typeName":"Person","id":"cjd2zshjs0heb0128jd1vkxof","fieldName":"role"}],[{"_typeName":"Role","id":"cjcudoqsy80hv0189grqbyd0n","fieldName":"staffs"},{"_typeName":"Person","id":"cjd2zshkq0hef0128twtrkyeu","fieldName":"role"}],[{"_typeName":"Role","id":"cjcuf2xn29nrd0189y1z60vdl","fieldName":"staffs"},{"_typeName":"Person","id":"cjd2zshlz0hej0128vx1apsq9","fieldName":"role"}],[{"_typeName":"Role","id":"cjcwv8jurl2fm018959wzzsw7","fieldName":"staffs"},{"_typeName":"Person","id":"cjd2zshna0hen01289l0x0z8b","fieldName":"role"}],[{"_typeName":"Role","id":"cjcwv8jurl2fm018959wzzsw7","fieldName":"staffs"},{"_typeName":"Person","id":"cjd2zsho80her0128aihlrv19","fieldName":"role"}],[{"_typeName":"Role","id":"cjcueqgbg9f4f0189dtxxbq5q","fieldName":"staffs"},{"_typeName":"Person","id":"cjd2zshp50hev0128xdl9wpbz","fieldName":"role"}],[{"_typeName":"Role","id":"cjcudoqsy80hv0189grqbyd0n","fieldName":"staffs"},{"_typeName":"Person","id":"cjd2zt6sx0hkt0128c7f3armg","fieldName":"role"}],[{"_typeName":"Role","id":"cjcwvb29nl4ge0189olj60d97","fieldName":"staffs"},{"_typeName":"Person","id":"cjd2zt6u90hkx0128mhqo3u67","fieldName":"role"}],[{"_typeName":"Role","id":"cjcueuc3x9hwg0189w5y24gdx","fieldName":"staffs"},{"_typeName":"Person","id":"cjd2zt6vp0hl10128coc3zlx9","fieldName":"role"}],[{"_typeName":"Role","id":"cjcwvb29nl4ge0189olj60d97","fieldName":"staffs"},{"_typeName":"Person","id":"cjd2zt6x20hl50128bu42jar9","fieldName":"role"}],[{"_typeName":"Role","id":"cjcuhrqwhc6hz01890reik4yh","fieldName":"staffs"},{"_typeName":"Person","id":"cjd2zt6ym0hla0128cjs30u74","fieldName":"role"}],[{"_typeName":"Role","id":"cjcsm9vepd70h0113xhpt8l4w","fieldName":"staffs"},{"_typeName":"Person","id":"cjd2zt7000hle01281neww1qk","fieldName":"role"}],[{"_typeName":"Role","id":"cjcuf2xn29nrd0189y1z60vdl","fieldName":"staffs"},{"_typeName":"Person","id":"cjd2zt71e0hli0128kuwclkmd","fieldName":"role"}],[{"_typeName":"Role","id":"cjcsm68m9d3h00113yrsdjs8p","fieldName":"staffs"},{"_typeName":"Person","id":"cjd2zt72j0hlm01281lii9d0p","fieldName":"role"}],[{"_typeName":"Role","id":"cjcuhrqwhc6hz01890reik4yh","fieldName":"staffs"},{"_typeName":"Person","id":"cjd2zt73q0hlq0128hcp8u2a7","fieldName":"role"}],[{"_typeName":"Role","id":"cjcuf2xn29nrd0189y1z60vdl","fieldName":"staffs"},{"_typeName":"Person","id":"cjd2zt74v0hlu012813owfe62","fieldName":"role"}],[{"_typeName":"Role","id":"cjcueuc3x9hwg0189w5y24gdx","fieldName":"staffs"},{"_typeName":"Person","id":"cjd2zt76l0hly01289wgnp4w0","fieldName":"role"}],[{"_typeName":"Role","id":"cjcueqgbg9f4f0189dtxxbq5q","fieldName":"staffs"},{"_typeName":"Person","id":"cjd2zt77o0hm201285otfjzb0","fieldName":"role"}],[{"_typeName":"Role","id":"cjcsm3oxjd1kf0113sw0e5n01","fieldName":"staffs"},{"_typeName":"Person","id":"cjd2zt78t0hm601282eesiekf","fieldName":"role"}],[{"_typeName":"Role","id":"cjcsm68m9d3h00113yrsdjs8p","fieldName":"staffs"},{"_typeName":"Person","id":"cjd2zt7ao0hma0128ygiwcsii","fieldName":"role"}],[{"_typeName":"Role","id":"cjcsm3oxjd1kf0113sw0e5n01","fieldName":"staffs"},{"_typeName":"Person","id":"cjd2zt7bt0hme0128mqf2105l","fieldName":"role"}],[{"_typeName":"Role","id":"cjcudoqsy80hv0189grqbyd0n","fieldName":"staffs"},{"_typeName":"Person","id":"cjd2zt7d10hmj0128xmr5vjim","fieldName":"role"}],[{"_typeName":"Role","id":"cjcuf2xn29nrd0189y1z60vdl","fieldName":"staffs"},{"_typeName":"Person","id":"cjd2zt7e50hmn0128gzo33ssx","fieldName":"role"}],[{"_typeName":"Role","id":"cjcuf2xn29nrd0189y1z60vdl","fieldName":"staffs"},{"_typeName":"Person","id":"cjd2zt7fc0hmr0128a6ff56im","fieldName":"role"}],[{"_typeName":"Role","id":"cjcsm68m9d3h00113yrsdjs8p","fieldName":"staffs"},{"_typeName":"Person","id":"cjd2zt7gh0hmw01281znix393","fieldName":"role"}],[{"_typeName":"Role","id":"cjcwvb29nl4ge0189olj60d97","fieldName":"staffs"},{"_typeName":"Person","id":"cjd2zt7ho0hn00128ghem9ng9","fieldName":"role"}],[{"_typeName":"Role","id":"cjcsm68m9d3h00113yrsdjs8p","fieldName":"staffs"},{"_typeName":"Person","id":"cjd2zt7iu0hn40128kch0sw1n","fieldName":"role"}],[{"_typeName":"Role","id":"cjcsm9vepd70h0113xhpt8l4w","fieldName":"staffs"},{"_typeName":"Person","id":"cjd2zt7lu0hn801288g99l5va","fieldName":"role"}],[{"_typeName":"Role","id":"cjcwvb29nl4ge0189olj60d97","fieldName":"staffs"},{"_typeName":"Person","id":"cjd2zt7n80hnc0128fiwhfzlc","fieldName":"role"}],[{"_typeName":"Role","id":"cjcsm9vepd70h0113xhpt8l4w","fieldName":"staffs"},{"_typeName":"Person","id":"cjd2zt7oe0hng0128pb1j9fdj","fieldName":"role"}],[{"_typeName":"Role","id":"cjcwvb29nl4ge0189olj60d97","fieldName":"staffs"},{"_typeName":"Person","id":"cjd2zt7pi0hnk0128gv63mwvk","fieldName":"role"}],[{"_typeName":"Role","id":"cjcwv8jurl2fm018959wzzsw7","fieldName":"staffs"},{"_typeName":"Person","id":"cjd2zt7qo0hno0128lne838xg","fieldName":"role"}],[{"_typeName":"Role","id":"cjcueuc3x9hwg0189w5y24gdx","fieldName":"staffs"},{"_typeName":"Person","id":"cjd2zt7ry0hns01281ug9eg7g","fieldName":"role"}],[{"_typeName":"Role","id":"cjcsm9vepd70h0113xhpt8l4w","fieldName":"staffs"},{"_typeName":"Person","id":"cjd2zt7t00hnw0128hmpmt668","fieldName":"role"}],[{"_typeName":"Role","id":"cjcuf2xn29nrd0189y1z60vdl","fieldName":"staffs"},{"_typeName":"Person","id":"cjd2zt7u70ho001287w2o4dn8","fieldName":"role"}],[{"_typeName":"Role","id":"cjcuhrqwhc6hz01890reik4yh","fieldName":"staffs"},{"_typeName":"Person","id":"cjd2zt7wo0ho40128tzi1z09q","fieldName":"role"}],[{"_typeName":"Role","id":"cjcuhrqwhc6hz01890reik4yh","fieldName":"staffs"},{"_typeName":"Person","id":"cjd2zt7xp0ho80128d50zsa8o","fieldName":"role"}],[{"_typeName":"Role","id":"cjcwv8jurl2fm018959wzzsw7","fieldName":"staffs"},{"_typeName":"Person","id":"cjd2zt7yv0hoc0128x12a6fjm","fieldName":"role"}],[{"_typeName":"Role","id":"cjcsm9vepd70h0113xhpt8l4w","fieldName":"staffs"},{"_typeName":"Person","id":"cjd2zt8030hog012805sfug2x","fieldName":"role"}],[{"_typeName":"Role","id":"cjcudoqsy80hv0189grqbyd0n","fieldName":"staffs"},{"_typeName":"Person","id":"cjd2zt80z0hok01283lgu6nxq","fieldName":"role"}],[{"_typeName":"Role","id":"cjcuf2xn29nrd0189y1z60vdl","fieldName":"staffs"},{"_typeName":"Person","id":"cjd2zt82i0hoo01284mgy6t5h","fieldName":"role"}],[{"_typeName":"Role","id":"cjcuhrqwhc6hz01890reik4yh","fieldName":"staffs"},{"_typeName":"Person","id":"cjd2zt8540hos0128vxumd89t","fieldName":"role"}],[{"_typeName":"Role","id":"cjcsm68m9d3h00113yrsdjs8p","fieldName":"staffs"},{"_typeName":"Person","id":"cjd2zt8630how0128mx9cq10h","fieldName":"role"}],[{"_typeName":"Role","id":"cjcudoqsy80hv0189grqbyd0n","fieldName":"staffs"},{"_typeName":"Person","id":"cjd2zt86z0hp00128cl0r1scb","fieldName":"role"}],[{"_typeName":"Role","id":"cjcuhrqwhc6hz01890reik4yh","fieldName":"staffs"},{"_typeName":"Person","id":"cjd2zt87x0hp40128cr6u2laa","fieldName":"role"}],[{"_typeName":"Role","id":"cjcueuc3x9hwg0189w5y24gdx","fieldName":"staffs"},{"_typeName":"Person","id":"cjd2zt88v0hp80128d4ds71sm","fieldName":"role"}],[{"_typeName":"Role","id":"cjcsm9vepd70h0113xhpt8l4w","fieldName":"staffs"},{"_typeName":"Person","id":"cjd2zt89r0hpc01284n7ww0y6","fieldName":"role"}],[{"_typeName":"Role","id":"cjcwv8jurl2fm018959wzzsw7","fieldName":"staffs"},{"_typeName":"Person","id":"cjd2zt8ap0hpg01286z61yruf","fieldName":"role"}],[{"_typeName":"Role","id":"cjcwv8jurl2fm018959wzzsw7","fieldName":"staffs"},{"_typeName":"Person","id":"cjd2zt8dq0hpk0128ifm5a6gd","fieldName":"role"}],[{"_typeName":"Role","id":"cjcudoqsy80hv0189grqbyd0n","fieldName":"staffs"},{"_typeName":"Person","id":"cjd2zt8en0hpo0128w3z7mtsc","fieldName":"role"}],[{"_typeName":"Role","id":"cjcsm68m9d3h00113yrsdjs8p","fieldName":"staffs"},{"_typeName":"Person","id":"cjd2zt8fl0hps0128ipnmukne","fieldName":"role"}],[{"_typeName":"Role","id":"cjcsm3oxjd1kf0113sw0e5n01","fieldName":"staffs"},{"_typeName":"Person","id":"cjd2zt8gi0hpw01281oncdcbx","fieldName":"role"}],[{"_typeName":"Role","id":"cjcsm9vepd70h0113xhpt8l4w","fieldName":"staffs"},{"_typeName":"Person","id":"cjd2zt8hf0hq00128z7nctuik","fieldName":"role"}],[{"_typeName":"Role","id":"cjcsm68m9d3h00113yrsdjs8p","fieldName":"staffs"},{"_typeName":"Person","id":"cjd2zt8if0hq40128coeydxqn","fieldName":"role"}],[{"_typeName":"Role","id":"cjcsm3oxjd1kf0113sw0e5n01","fieldName":"staffs"},{"_typeName":"Person","id":"cjd2zt8jk0hq90128a4yza7ja","fieldName":"role"}],[{"_typeName":"Role","id":"cjcudoqsy80hv0189grqbyd0n","fieldName":"staffs"},{"_typeName":"Person","id":"cjd2zt8lh0hqd01282w4r21ni","fieldName":"role"}],[{"_typeName":"Role","id":"cjcuhrqwhc6hz01890reik4yh","fieldName":"staffs"},{"_typeName":"Person","id":"cjd2zt8mr0hqh0128euypw3p2","fieldName":"role"}],[{"_typeName":"Role","id":"cjcsm3oxjd1kf0113sw0e5n01","fieldName":"staffs"},{"_typeName":"Person","id":"cjd2zt8nz0hql0128p7cul1a2","fieldName":"role"}],[{"_typeName":"Role","id":"cjcuhrqwhc6hz01890reik4yh","fieldName":"staffs"},{"_typeName":"Person","id":"cjd2zt8p30hqp0128znj1ba6z","fieldName":"role"}],[{"_typeName":"Role","id":"cjcsm3oxjd1kf0113sw0e5n01","fieldName":"staffs"},{"_typeName":"Person","id":"cjd2zt8q90hqt0128dekgy3c5","fieldName":"role"}],[{"_typeName":"Role","id":"cjcwvb29nl4ge0189olj60d97","fieldName":"staffs"},{"_typeName":"Person","id":"cjd2zt8rf0hqy0128kb15kr2e","fieldName":"role"}],[{"_typeName":"Role","id":"cjcsm9vepd70h0113xhpt8l4w","fieldName":"staffs"},{"_typeName":"Person","id":"cjd2zt8sk0hr20128qq8bc43b","fieldName":"role"}],[{"_typeName":"Role","id":"cjcueqgbg9f4f0189dtxxbq5q","fieldName":"staffs"},{"_typeName":"Person","id":"cjd2zt8ts0hr60128x5d3k5z5","fieldName":"role"}],[{"_typeName":"Role","id":"cjcuf2xn29nrd0189y1z60vdl","fieldName":"staffs"},{"_typeName":"Person","id":"cjd2zt8v70hra0128n5pl1o0f","fieldName":"role"}],[{"_typeName":"Role","id":"cjcuhrqwhc6hz01890reik4yh","fieldName":"staffs"},{"_typeName":"Person","id":"cjd2zt8wc0hre0128ku174a6r","fieldName":"role"}],[{"_typeName":"Role","id":"cjcuhrqwhc6hz01890reik4yh","fieldName":"staffs"},{"_typeName":"Person","id":"cjd2zt8xh0hri01288bbw09xy","fieldName":"role"}],[{"_typeName":"Role","id":"cjcwvb29nl4ge0189olj60d97","fieldName":"staffs"},{"_typeName":"Person","id":"cjd2zt8yn0hrm01284icrh6ob","fieldName":"role"}],[{"_typeName":"Role","id":"cjcwv8jurl2fm018959wzzsw7","fieldName":"staffs"},{"_typeName":"Person","id":"cjd2zt8zs0hrr01282lu0oq2o","fieldName":"role"}],[{"_typeName":"Role","id":"cjcudoqsy80hv0189grqbyd0n","fieldName":"staffs"},{"_typeName":"Person","id":"cjd2zt90z0hrv0128c4cvj23j","fieldName":"role"}],[{"_typeName":"Role","id":"cjcuhrqwhc6hz01890reik4yh","fieldName":"staffs"},{"_typeName":"Person","id":"cjd2zt9220hrz0128wrlsw7zj","fieldName":"role"}],[{"_typeName":"Role","id":"cjcuf2xn29nrd0189y1z60vdl","fieldName":"staffs"},{"_typeName":"Person","id":"cjd2zt94v0hs30128hg12s82x","fieldName":"role"}],[{"_typeName":"Role","id":"cjcwvb29nl4ge0189olj60d97","fieldName":"staffs"},{"_typeName":"Person","id":"cjd2zt9600hs70128n6n8fesm","fieldName":"role"}],[{"_typeName":"Role","id":"cjcwvb29nl4ge0189olj60d97","fieldName":"staffs"},{"_typeName":"Person","id":"cjd2zt9770hsb0128n7tgtewy","fieldName":"role"}],[{"_typeName":"Role","id":"cjcwvb29nl4ge0189olj60d97","fieldName":"staffs"},{"_typeName":"Person","id":"cjd2zt98d0hsf0128osc3pusp","fieldName":"role"}],[{"_typeName":"Role","id":"cjcuhrqwhc6hz01890reik4yh","fieldName":"staffs"},{"_typeName":"Person","id":"cjd2zt99l0hsj0128d0jy58sa","fieldName":"role"}],[{"_typeName":"Role","id":"cjcueuc3x9hwg0189w5y24gdx","fieldName":"staffs"},{"_typeName":"Person","id":"cjd2zt9ao0hso0128ka4ga2x0","fieldName":"role"}],[{"_typeName":"Role","id":"cjcudoqsy80hv0189grqbyd0n","fieldName":"staffs"},{"_typeName":"Person","id":"cjd2zt9bv0hss0128n8uhxybp","fieldName":"role"}],[{"_typeName":"Role","id":"cjcueqgbg9f4f0189dtxxbq5q","fieldName":"staffs"},{"_typeName":"Person","id":"cjd2zt9cz0hsw0128a41eh4sw","fieldName":"role"}],[{"_typeName":"Role","id":"cjcwvb29nl4ge0189olj60d97","fieldName":"staffs"},{"_typeName":"Person","id":"cjd2zt9e50ht0012854lcuv0x","fieldName":"role"}],[{"_typeName":"Role","id":"cjcueqgbg9f4f0189dtxxbq5q","fieldName":"staffs"},{"_typeName":"Person","id":"cjd2zt9fc0ht40128yhof1sdl","fieldName":"role"}],[{"_typeName":"Role","id":"cjcwv8jurl2fm018959wzzsw7","fieldName":"staffs"},{"_typeName":"Person","id":"cjd2zt9ic0ht90128831y59u4","fieldName":"role"}],[{"_typeName":"Role","id":"cjcueuc3x9hwg0189w5y24gdx","fieldName":"staffs"},{"_typeName":"Person","id":"cjd2zt9ji0htd0128e15o2y2x","fieldName":"role"}],[{"_typeName":"Role","id":"cjcwv8jurl2fm018959wzzsw7","fieldName":"staffs"},{"_typeName":"Person","id":"cjd2zt9ld0hth0128kiae76wi","fieldName":"role"}],[{"_typeName":"Role","id":"cjcuf2xn29nrd0189y1z60vdl","fieldName":"staffs"},{"_typeName":"Person","id":"cjd2zt9mj0htl0128qbjmp9zt","fieldName":"role"}],[{"_typeName":"Role","id":"cjcsm68m9d3h00113yrsdjs8p","fieldName":"staffs"},{"_typeName":"Person","id":"cjd2zt9ns0htp0128rggxxndz","fieldName":"role"}],[{"_typeName":"Role","id":"cjcuhrqwhc6hz01890reik4yh","fieldName":"staffs"},{"_typeName":"Person","id":"cjd2zt9q90htt0128gvxlqn2e","fieldName":"role"}],[{"_typeName":"Role","id":"cjcsm3oxjd1kf0113sw0e5n01","fieldName":"staffs"},{"_typeName":"Person","id":"cjd2zt9rv0htx0128ne8tfx6v","fieldName":"role"}],[{"_typeName":"Role","id":"cjcueuc3x9hwg0189w5y24gdx","fieldName":"staffs"},{"_typeName":"Person","id":"cjd2zt9tg0hu10128tabnan9n","fieldName":"role"}],[{"_typeName":"Role","id":"cjcwvb29nl4ge0189olj60d97","fieldName":"staffs"},{"_typeName":"Person","id":"cjd2zt9uo0hu50128brqah8ka","fieldName":"role"}],[{"_typeName":"Role","id":"cjcueqgbg9f4f0189dtxxbq5q","fieldName":"staffs"},{"_typeName":"Person","id":"cjd2zt9vy0hu901281vdmys2k","fieldName":"role"}],[{"_typeName":"Role","id":"cjcuf2xn29nrd0189y1z60vdl","fieldName":"staffs"},{"_typeName":"Person","id":"cjd2zt9x30hud0128roq8uycx","fieldName":"role"}],[{"_typeName":"Role","id":"cjcudoqsy80hv0189grqbyd0n","fieldName":"staffs"},{"_typeName":"Person","id":"cjd2zt9xy0huh0128xtaj0hli","fieldName":"role"}],[{"_typeName":"Role","id":"cjcsm3oxjd1kf0113sw0e5n01","fieldName":"staffs"},{"_typeName":"Person","id":"cjd2zt9yu0hul0128ls8t1233","fieldName":"role"}],[{"_typeName":"Role","id":"cjcwvb29nl4ge0189olj60d97","fieldName":"staffs"},{"_typeName":"Person","id":"cjd2zt9zt0hup0128hbyryll1","fieldName":"role"}],[{"_typeName":"Role","id":"cjcuf2xn29nrd0189y1z60vdl","fieldName":"staffs"},{"_typeName":"Person","id":"cjd2zta0r0hut0128jbblazrz","fieldName":"role"}],[{"_typeName":"Role","id":"cjcudoqsy80hv0189grqbyd0n","fieldName":"staffs"},{"_typeName":"Person","id":"cjd2zta1n0hux0128m4hv425q","fieldName":"role"}],[{"_typeName":"Role","id":"cjcwvb29nl4ge0189olj60d97","fieldName":"staffs"},{"_typeName":"Person","id":"cjd2zta2l0hv10128wf6satod","fieldName":"role"}],[{"_typeName":"Role","id":"cjcuhrqwhc6hz01890reik4yh","fieldName":"staffs"},{"_typeName":"Person","id":"cjd2zta3i0hv501289zzei0fe","fieldName":"role"}],[{"_typeName":"Role","id":"cjcsm68m9d3h00113yrsdjs8p","fieldName":"staffs"},{"_typeName":"Person","id":"cjd2zta5l0hv90128vmpu0pq8","fieldName":"role"}],[{"_typeName":"Role","id":"cjcsm3oxjd1kf0113sw0e5n01","fieldName":"staffs"},{"_typeName":"Person","id":"cjd2zta6v0hvd0128dpn5r6vi","fieldName":"role"}],[{"_typeName":"Role","id":"cjcwv8jurl2fm018959wzzsw7","fieldName":"staffs"},{"_typeName":"Person","id":"cjd2zta810hvh0128uj7a4qvy","fieldName":"role"}],[{"_typeName":"Role","id":"cjcudoqsy80hv0189grqbyd0n","fieldName":"staffs"},{"_typeName":"Person","id":"cjd2zta8x0hvl0128608jenku","fieldName":"role"}],[{"_typeName":"Role","id":"cjcueuc3x9hwg0189w5y24gdx","fieldName":"staffs"},{"_typeName":"Person","id":"cjd2zta9w0hvp0128dofkx28i","fieldName":"role"}],[{"_typeName":"Role","id":"cjcwv8jurl2fm018959wzzsw7","fieldName":"staffs"},{"_typeName":"Person","id":"cjd2ztaap0hvt0128gut73u8k","fieldName":"role"}],[{"_typeName":"Role","id":"cjcsm68m9d3h00113yrsdjs8p","fieldName":"staffs"},{"_typeName":"Person","id":"cjd2ztabm0hvx0128do3jebx5","fieldName":"role"}],[{"_typeName":"Role","id":"cjcwvb29nl4ge0189olj60d97","fieldName":"staffs"},{"_typeName":"Person","id":"cjd2ztack0hw10128cwr49y07","fieldName":"role"}],[{"_typeName":"Role","id":"cjcuf2xn29nrd0189y1z60vdl","fieldName":"staffs"},{"_typeName":"Person","id":"cjd2ztadj0hw50128vghz4jw4","fieldName":"role"}],[{"_typeName":"Role","id":"cjcueqgbg9f4f0189dtxxbq5q","fieldName":"staffs"},{"_typeName":"Person","id":"cjd2ztaer0hw90128p55hon56","fieldName":"role"}],[{"_typeName":"Role","id":"cjcuhrqwhc6hz01890reik4yh","fieldName":"staffs"},{"_typeName":"Person","id":"cjd2ztag50hwd0128xuk966gq","fieldName":"role"}],[{"_typeName":"Role","id":"cjcuf2xn29nrd0189y1z60vdl","fieldName":"staffs"},{"_typeName":"Person","id":"cjd2ztahb0hwh01282pheg4hk","fieldName":"role"}],[{"_typeName":"Role","id":"cjcsm68m9d3h00113yrsdjs8p","fieldName":"staffs"},{"_typeName":"Person","id":"cjd2ztajd0hwl0128a76irkop","fieldName":"role"}],[{"_typeName":"Role","id":"cjcueqgbg9f4f0189dtxxbq5q","fieldName":"staffs"},{"_typeName":"Person","id":"cjd2ztala0hwq0128duyoxeok","fieldName":"role"}],[{"_typeName":"Role","id":"cjcueqgbg9f4f0189dtxxbq5q","fieldName":"staffs"},{"_typeName":"Person","id":"cjd2ztana0hww0128pcxyd47h","fieldName":"role"}],[{"_typeName":"Role","id":"cjcwvb29nl4ge0189olj60d97","fieldName":"staffs"},{"_typeName":"Person","id":"cjd2ztaop0hx001288ocsnn7c","fieldName":"role"}],[{"_typeName":"Role","id":"cjcuhrqwhc6hz01890reik4yh","fieldName":"staffs"},{"_typeName":"Person","id":"cjd2ztaqn0hx40128xmbjlcnd","fieldName":"role"}],[{"_typeName":"Role","id":"cjcuf2xn29nrd0189y1z60vdl","fieldName":"staffs"},{"_typeName":"Person","id":"cjd2ztasl0hxc0128g8856xb7","fieldName":"role"}],[{"_typeName":"Role","id":"cjcwv8jurl2fm018959wzzsw7","fieldName":"staffs"},{"_typeName":"Person","id":"cjd2ztauc0hxm0128429pe5ks","fieldName":"role"}],[{"_typeName":"Role","id":"cjcwvb29nl4ge0189olj60d97","fieldName":"staffs"},{"_typeName":"Person","id":"cjd2ztavo0hxq0128wy0195k9","fieldName":"role"}],[{"_typeName":"Role","id":"cjcuf2xn29nrd0189y1z60vdl","fieldName":"staffs"},{"_typeName":"Person","id":"cjd2ztax10hxu0128z413i34o","fieldName":"role"}],[{"_typeName":"Role","id":"cjcuf2xn29nrd0189y1z60vdl","fieldName":"staffs"},{"_typeName":"Person","id":"cjd2ztayd0hxy0128q63lwclt","fieldName":"role"}],[{"_typeName":"Role","id":"cjcueqgbg9f4f0189dtxxbq5q","fieldName":"staffs"},{"_typeName":"Person","id":"cjd2ztazl0hy20128x0tgbrpp","fieldName":"role"}],[{"_typeName":"Role","id":"cjcsm68m9d3h00113yrsdjs8p","fieldName":"staffs"},{"_typeName":"Person","id":"cjd2ztb130hy60128dnuahf7g","fieldName":"role"}],[{"_typeName":"Role","id":"cjcwv8jurl2fm018959wzzsw7","fieldName":"staffs"},{"_typeName":"Person","id":"cjd2ztb2k0hyd0128rgi3z4be","fieldName":"role"}],[{"_typeName":"Role","id":"cjcwv8jurl2fm018959wzzsw7","fieldName":"staffs"},{"_typeName":"Person","id":"cjd2ztb400hyh0128iael62l1","fieldName":"role"}],[{"_typeName":"Role","id":"cjcueqgbg9f4f0189dtxxbq5q","fieldName":"staffs"},{"_typeName":"Person","id":"cjd2ztb5b0hyl0128cu41s52r","fieldName":"role"}],[{"_typeName":"Role","id":"cjcueqgbg9f4f0189dtxxbq5q","fieldName":"staffs"},{"_typeName":"Person","id":"cjd2ztb6j0hyp01288hwn3ai7","fieldName":"role"}],[{"_typeName":"Role","id":"cjcwv8jurl2fm018959wzzsw7","fieldName":"staffs"},{"_typeName":"Person","id":"cjd2ztb7m0hyt01283b9407ip","fieldName":"role"}],[{"_typeName":"Role","id":"cjcueqgbg9f4f0189dtxxbq5q","fieldName":"staffs"},{"_typeName":"Person","id":"cjd2ztb8s0hyx0128tglzmicz","fieldName":"role"}],[{"_typeName":"Role","id":"cjcuhrqwhc6hz01890reik4yh","fieldName":"staffs"},{"_typeName":"Person","id":"cjd2ztb9y0hz10128cvvhgjix","fieldName":"role"}],[{"_typeName":"Role","id":"cjcuhrqwhc6hz01890reik4yh","fieldName":"staffs"},{"_typeName":"Person","id":"cjd2ztbbt0hz601280p7cdgcf","fieldName":"role"}],[{"_typeName":"Role","id":"cjcuhrqwhc6hz01890reik4yh","fieldName":"staffs"},{"_typeName":"Person","id":"cjd2ztbcz0hza0128xargelmg","fieldName":"role"}],[{"_typeName":"Role","id":"cjcuhrqwhc6hz01890reik4yh","fieldName":"staffs"},{"_typeName":"Person","id":"cjd2ztbg00hzf0128cqvjur2f","fieldName":"role"}],[{"_typeName":"Role","id":"cjcsm9vepd70h0113xhpt8l4w","fieldName":"staffs"},{"_typeName":"Person","id":"cjd2ztbh50hzj01284y74n4sk","fieldName":"role"}],[{"_typeName":"Role","id":"cjcudoqsy80hv0189grqbyd0n","fieldName":"staffs"},{"_typeName":"Person","id":"cjd2ztbib0hzn01288468d68q","fieldName":"role"}],[{"_typeName":"Role","id":"cjcueqgbg9f4f0189dtxxbq5q","fieldName":"staffs"},{"_typeName":"Person","id":"cjd2ztbjh0hzr012839ce1u2r","fieldName":"role"}],[{"_typeName":"Role","id":"cjcudoqsy80hv0189grqbyd0n","fieldName":"staffs"},{"_typeName":"Person","id":"cjd2ztbkv0hzv0128fmg0rdtg","fieldName":"role"}],[{"_typeName":"Role","id":"cjcwv8jurl2fm018959wzzsw7","fieldName":"staffs"},{"_typeName":"Person","id":"cjd2ztbm60hzz0128tvzhtxlp","fieldName":"role"}],[{"_typeName":"Role","id":"cjcsm9vepd70h0113xhpt8l4w","fieldName":"staffs"},{"_typeName":"Person","id":"cjd2ztbnh0i030128zr6950e8","fieldName":"role"}],[{"_typeName":"Role","id":"cjcsm68m9d3h00113yrsdjs8p","fieldName":"staffs"},{"_typeName":"Person","id":"cjd2ztbou0i070128l7z6lkze","fieldName":"role"}],[{"_typeName":"Role","id":"cjcwvb29nl4ge0189olj60d97","fieldName":"staffs"},{"_typeName":"Person","id":"cjd2ztbpz0i0b0128rw58d02c","fieldName":"role"}],[{"_typeName":"Role","id":"cjcuf2xn29nrd0189y1z60vdl","fieldName":"staffs"},{"_typeName":"Person","id":"cjd2ztbr50i0f0128vn04ebqi","fieldName":"role"}],[{"_typeName":"Role","id":"cjcueuc3x9hwg0189w5y24gdx","fieldName":"staffs"},{"_typeName":"Person","id":"cjd2ztbsa0i0j0128wxttggp5","fieldName":"role"}],[{"_typeName":"Role","id":"cjcueuc3x9hwg0189w5y24gdx","fieldName":"staffs"},{"_typeName":"Person","id":"cjd2ztbtg0i0n0128u8m7klhj","fieldName":"role"}],[{"_typeName":"Role","id":"cjcuf2xn29nrd0189y1z60vdl","fieldName":"staffs"},{"_typeName":"Person","id":"cjd2ztbum0i0r0128qn2hlc1s","fieldName":"role"}],[{"_typeName":"Role","id":"cjcuf2xn29nrd0189y1z60vdl","fieldName":"staffs"},{"_typeName":"Person","id":"cjd2ztbvs0i0v0128d9l3g1z2","fieldName":"role"}],[{"_typeName":"Role","id":"cjcwv8jurl2fm018959wzzsw7","fieldName":"staffs"},{"_typeName":"Person","id":"cjd2ztbwx0i0z0128pm3m2vob","fieldName":"role"}],[{"_typeName":"Role","id":"cjcuf2xn29nrd0189y1z60vdl","fieldName":"staffs"},{"_typeName":"Person","id":"cjd2ztby50i130128i8k6aqvj","fieldName":"role"}],[{"_typeName":"Role","id":"cjcwv8jurl2fm018959wzzsw7","fieldName":"staffs"},{"_typeName":"Person","id":"cjd2ztbz90i170128w2uwy0nr","fieldName":"role"}],[{"_typeName":"Role","id":"cjcuhrqwhc6hz01890reik4yh","fieldName":"staffs"},{"_typeName":"Person","id":"cjd2ztc0f0i1b0128ls1l53g1","fieldName":"role"}],[{"_typeName":"Role","id":"cjcudoqsy80hv0189grqbyd0n","fieldName":"staffs"},{"_typeName":"Person","id":"cjd2ztc1o0i1f0128fam1jh5r","fieldName":"role"}],[{"_typeName":"Role","id":"cjcwvb29nl4ge0189olj60d97","fieldName":"staffs"},{"_typeName":"Person","id":"cjd2ztc320i1j0128r5onspye","fieldName":"role"}],[{"_typeName":"Role","id":"cjcsm3oxjd1kf0113sw0e5n01","fieldName":"staffs"},{"_typeName":"Person","id":"cjd2ztc480i1n0128jowrprr8","fieldName":"role"}],[{"_typeName":"Role","id":"cjcuf2xn29nrd0189y1z60vdl","fieldName":"staffs"},{"_typeName":"Person","id":"cjd2ztc5g0i1r0128zivds2yo","fieldName":"role"}],[{"_typeName":"Role","id":"cjcuf2xn29nrd0189y1z60vdl","fieldName":"staffs"},{"_typeName":"Person","id":"cjd2ztc7r0i1v0128lpu410mf","fieldName":"role"}],[{"_typeName":"Role","id":"cjcwv8jurl2fm018959wzzsw7","fieldName":"staffs"},{"_typeName":"Person","id":"cjd2ztc970i1z0128qundgydl","fieldName":"role"}],[{"_typeName":"Role","id":"cjcueuc3x9hwg0189w5y24gdx","fieldName":"staffs"},{"_typeName":"Person","id":"cjd2ztca90i230128ldktiki2","fieldName":"role"}],[{"_typeName":"Role","id":"cjcueuc3x9hwg0189w5y24gdx","fieldName":"staffs"},{"_typeName":"Person","id":"cjd2ztcb70i2701284kxx3qcj","fieldName":"role"}],[{"_typeName":"Role","id":"cjcsm9vepd70h0113xhpt8l4w","fieldName":"staffs"},{"_typeName":"Person","id":"cjd2ztcce0i2b0128qhb3ihhz","fieldName":"role"}],[{"_typeName":"Role","id":"cjcwvb29nl4ge0189olj60d97","fieldName":"staffs"},{"_typeName":"Person","id":"cjd2ztcdp0i2f0128dz3f1jyn","fieldName":"role"}],[{"_typeName":"Role","id":"cjcuf2xn29nrd0189y1z60vdl","fieldName":"staffs"},{"_typeName":"Person","id":"cjd2ztcem0i2j0128jldl0tos","fieldName":"role"}],[{"_typeName":"Role","id":"cjcueuc3x9hwg0189w5y24gdx","fieldName":"staffs"},{"_typeName":"Person","id":"cjd2ztcfv0i2n012885pvv9r8","fieldName":"role"}],[{"_typeName":"Role","id":"cjcuf2xn29nrd0189y1z60vdl","fieldName":"staffs"},{"_typeName":"Person","id":"cjd2ztcgq0i2r0128xotn4ris","fieldName":"role"}],[{"_typeName":"Role","id":"cjcudoqsy80hv0189grqbyd0n","fieldName":"staffs"},{"_typeName":"Person","id":"cjd2ztchp0i2v0128bvurr81a","fieldName":"role"}],[{"_typeName":"Role","id":"cjcsm68m9d3h00113yrsdjs8p","fieldName":"staffs"},{"_typeName":"Person","id":"cjd2ztcjc0i2z0128ui6qzk2d","fieldName":"role"}],[{"_typeName":"Role","id":"cjcwv8jurl2fm018959wzzsw7","fieldName":"staffs"},{"_typeName":"Person","id":"cjd2ztcko0i330128ozg7nv0e","fieldName":"role"}],[{"_typeName":"Role","id":"cjcuf2xn29nrd0189y1z60vdl","fieldName":"staffs"},{"_typeName":"Person","id":"cjd2ztcll0i370128vln5tb1f","fieldName":"role"}],[{"_typeName":"Role","id":"cjcwv8jurl2fm018959wzzsw7","fieldName":"staffs"},{"_typeName":"Person","id":"cjd2ztcmi0i3b01287j5bt6qy","fieldName":"role"}],[{"_typeName":"Role","id":"cjcueuc3x9hwg0189w5y24gdx","fieldName":"staffs"},{"_typeName":"Person","id":"cjd2ztcni0i3f0128g4g6hko4","fieldName":"role"}],[{"_typeName":"Role","id":"cjcsm9vepd70h0113xhpt8l4w","fieldName":"staffs"},{"_typeName":"Person","id":"cjd2ztcol0i3j01280pdqz0xd","fieldName":"role"}],[{"_typeName":"Role","id":"cjcwvb29nl4ge0189olj60d97","fieldName":"staffs"},{"_typeName":"Person","id":"cjd2ztcps0i3n0128z9p35tct","fieldName":"role"}],[{"_typeName":"Role","id":"cjcsm68m9d3h00113yrsdjs8p","fieldName":"staffs"},{"_typeName":"Person","id":"cjd2ztcqp0i3r01285csh24es","fieldName":"role"}],[{"_typeName":"Role","id":"cjcsm68m9d3h00113yrsdjs8p","fieldName":"staffs"},{"_typeName":"Person","id":"cjd2ztcrw0i3v0128lgdqfn5g","fieldName":"role"}],[{"_typeName":"Role","id":"cjcwv8jurl2fm018959wzzsw7","fieldName":"staffs"},{"_typeName":"Person","id":"cjd2ztct10i3z0128w9y7i2n0","fieldName":"role"}],[{"_typeName":"Role","id":"cjcwvb29nl4ge0189olj60d97","fieldName":"staffs"},{"_typeName":"Person","id":"cjd2ztcue0i430128u6s9kx1u","fieldName":"role"}],[{"_typeName":"Role","id":"cjcsm3oxjd1kf0113sw0e5n01","fieldName":"staffs"},{"_typeName":"Person","id":"cjd2ztcvk0i470128i6ecy2tf","fieldName":"role"}],[{"_typeName":"Role","id":"cjcuhrqwhc6hz01890reik4yh","fieldName":"staffs"},{"_typeName":"Person","id":"cjd2ztcwp0i4b0128wn63bo3n","fieldName":"role"}],[{"_typeName":"Role","id":"cjcwv8jurl2fm018959wzzsw7","fieldName":"staffs"},{"_typeName":"Person","id":"cjd2ztcyk0i4f0128lcztqixm","fieldName":"role"}],[{"_typeName":"Role","id":"cjcueuc3x9hwg0189w5y24gdx","fieldName":"staffs"},{"_typeName":"Person","id":"cjd2ztczz0i4j0128wxs6nub7","fieldName":"role"}],[{"_typeName":"Role","id":"cjcuf2xn29nrd0189y1z60vdl","fieldName":"staffs"},{"_typeName":"Person","id":"cjd2ztd140i4n0128v3kxpekr","fieldName":"role"}],[{"_typeName":"Role","id":"cjcwv8jurl2fm018959wzzsw7","fieldName":"staffs"},{"_typeName":"Person","id":"cjd2ztd2b0i4r0128o46e8vdt","fieldName":"role"}],[{"_typeName":"Role","id":"cjcsm9vepd70h0113xhpt8l4w","fieldName":"staffs"},{"_typeName":"Person","id":"cjd2ztd3h0i4v0128kpydrjkn","fieldName":"role"}],[{"_typeName":"Role","id":"cjcudoqsy80hv0189grqbyd0n","fieldName":"staffs"},{"_typeName":"Person","id":"cjd2ztd540i4z0128gtudt399","fieldName":"role"}],[{"_typeName":"Role","id":"cjcueuc3x9hwg0189w5y24gdx","fieldName":"staffs"},{"_typeName":"Person","id":"cjd2ztd6g0i540128vefbixe1","fieldName":"role"}],[{"_typeName":"Role","id":"cjcsm68m9d3h00113yrsdjs8p","fieldName":"staffs"},{"_typeName":"Person","id":"cjd2ztd8i0i58012860c6v97k","fieldName":"role"}],[{"_typeName":"Role","id":"cjcuf2xn29nrd0189y1z60vdl","fieldName":"staffs"},{"_typeName":"Person","id":"cjd2ztd9y0i5c0128jxsmd5d1","fieldName":"role"}],[{"_typeName":"Role","id":"cjcuf2xn29nrd0189y1z60vdl","fieldName":"staffs"},{"_typeName":"Person","id":"cjd2ztdb40i5g0128mh6fh75v","fieldName":"role"}],[{"_typeName":"Role","id":"cjcwvb29nl4ge0189olj60d97","fieldName":"staffs"},{"_typeName":"Person","id":"cjd2ztdca0i5k01284gs17gf7","fieldName":"role"}],[{"_typeName":"Role","id":"cjcueqgbg9f4f0189dtxxbq5q","fieldName":"staffs"},{"_typeName":"Person","id":"cjd2ztddf0i5o0128m6ll5afa","fieldName":"role"}],[{"_typeName":"Role","id":"cjcsm3oxjd1kf0113sw0e5n01","fieldName":"staffs"},{"_typeName":"Person","id":"cjd2ztdet0i5t0128kq7eo2q8","fieldName":"role"}],[{"_typeName":"Role","id":"cjcsm3oxjd1kf0113sw0e5n01","fieldName":"staffs"},{"_typeName":"Person","id":"cjd2ztdgh0i5x0128b5rzqzsd","fieldName":"role"}],[{"_typeName":"Role","id":"cjcueqgbg9f4f0189dtxxbq5q","fieldName":"staffs"},{"_typeName":"Person","id":"cjd2ztdi20i610128jiikv6pw","fieldName":"role"}],[{"_typeName":"Role","id":"cjcueuc3x9hwg0189w5y24gdx","fieldName":"staffs"},{"_typeName":"Person","id":"cjd2ztdkn0i65012837trecyb","fieldName":"role"}],[{"_typeName":"Role","id":"cjcwv8jurl2fm018959wzzsw7","fieldName":"staffs"},{"_typeName":"Person","id":"cjd2ztdlr0i690128687fc809","fieldName":"role"}],[{"_typeName":"Role","id":"cjcudoqsy80hv0189grqbyd0n","fieldName":"staffs"},{"_typeName":"Person","id":"cjd2ztdod0i6d0128a3ni44vy","fieldName":"role"}],[{"_typeName":"Role","id":"cjcsm68m9d3h00113yrsdjs8p","fieldName":"staffs"},{"_typeName":"Person","id":"cjd2ztds30i6k0128lkj7nbr7","fieldName":"role"}],[{"_typeName":"Role","id":"cjcuf2xn29nrd0189y1z60vdl","fieldName":"staffs"},{"_typeName":"Person","id":"cjd2ztdtj0i6z01284o681889","fieldName":"role"}],[{"_typeName":"Role","id":"cjcsm9vepd70h0113xhpt8l4w","fieldName":"staffs"},{"_typeName":"Person","id":"cjd2ztdux0i780128s2oknfrx","fieldName":"role"}],[{"_typeName":"Role","id":"cjcsm3oxjd1kf0113sw0e5n01","fieldName":"staffs"},{"_typeName":"Person","id":"cjd2ztdw00i7c0128lmaxfsit","fieldName":"role"}],[{"_typeName":"Role","id":"cjcsm9vepd70h0113xhpt8l4w","fieldName":"staffs"},{"_typeName":"Person","id":"cjd2ztdx70i7g0128m82cbjpo","fieldName":"role"}],[{"_typeName":"Role","id":"cjcuf2xn29nrd0189y1z60vdl","fieldName":"staffs"},{"_typeName":"Person","id":"cjd2ztdya0i7k0128clqc7kdu","fieldName":"role"}],[{"_typeName":"Role","id":"cjcuhrqwhc6hz01890reik4yh","fieldName":"staffs"},{"_typeName":"Person","id":"cjd2ztdzh0i7o0128kjstczaz","fieldName":"role"}],[{"_typeName":"Role","id":"cjcwvb29nl4ge0189olj60d97","fieldName":"staffs"},{"_typeName":"Person","id":"cjd2zte0o0i7s012832dk5uww","fieldName":"role"}],[{"_typeName":"Role","id":"cjcuf2xn29nrd0189y1z60vdl","fieldName":"staffs"},{"_typeName":"Person","id":"cjd2zte1t0i7w0128xgbttztb","fieldName":"role"}],[{"_typeName":"Role","id":"cjcwvb29nl4ge0189olj60d97","fieldName":"staffs"},{"_typeName":"Person","id":"cjd2zte2x0i8001287xjn0j47","fieldName":"role"}],[{"_typeName":"Role","id":"cjcueuc3x9hwg0189w5y24gdx","fieldName":"staffs"},{"_typeName":"Person","id":"cjd2zte460i8401285d3uk3yh","fieldName":"role"}],[{"_typeName":"Role","id":"cjcuf2xn29nrd0189y1z60vdl","fieldName":"staffs"},{"_typeName":"Person","id":"cjd2zte5b0i880128uo6509hn","fieldName":"role"}]]}