{"valueType":"relations","values":[[{"_typeName":"Picture","id":"cjd3qqhpf06qm0128q49hvzdi"},{"_typeName":"Person","id":"cjd3qqhpf06ql01281u77auzf","fieldName":"picture"}],[{"_typeName":"Picture","id":"cjd3qqhps06qt0128ttshlxaq"},{"_typeName":"Person","id":"cjd3qqhps06qs0128zmpdvn27","fieldName":"picture"}],[{"_typeName":"Picture","id":"cjd3qqhr306rg01285ce2hcho"},{"_typeName":"Person","id":"cjd3qqhr206rf01280jcg5vhe","fieldName":"picture"}],[{"_typeName":"Picture","id":"cjd3qqhr606rl01280is6wgm4"},{"_typeName":"Person","id":"cjd3qqhr606rk01281ytsjnj9","fieldName":"picture"}],[{"_typeName":"Picture","id":"cjd3qqhu206ry0128nn2q1jtg"},{"_typeName":"Person","id":"cjd3qqhu206rx0128auda0ipr","fieldName":"picture"}],[{"_typeName":"Picture","id":"cjd3qqhx306s60128uhvkwc5d"},{"_typeName":"Person","id":"cjd3qqhx306s50128qig5he4g","fieldName":"picture"}],[{"_typeName":"Picture","id":"cjd3qqi2w06se0128qclgq2gn"},{"_typeName":"Person","id":"cjd3qqi2v06sd0128zp3bzx2x","fieldName":"picture"}],[{"_typeName":"Picture","id":"cjd3qqi3d06sq0128j3pr8m16"},{"_typeName":"Person","id":"cjd3qqi3d06so01281bgd841a","fieldName":"picture"}],[{"_typeName":"Picture","id":"cjd3qqi3d06sp0128r2gxzwlg"},{"_typeName":"Person","id":"cjd3qqi3d06so0128x7b84k1n","fieldName":"picture"}],[{"_typeName":"Picture","id":"cjd3qqia106t30128l0rckfiw"},{"_typeName":"Person","id":"cjd3qqia106t20128glug5rcc","fieldName":"picture"}],[{"_typeName":"Picture","id":"cjd3qqial06te0128cc9eveyt"},{"_typeName":"Person","id":"cjd3qqiak06td0128ebhg72p2","fieldName":"picture"}],[{"_typeName":"Picture","id":"cjd3qqiao06tj0128i11q23m2"},{"_typeName":"Person","id":"cjd3qqiao06ti0128sd2n6ern","fieldName":"picture"}],[{"_typeName":"Picture","id":"cjd3qqiaz06tp0128jwqku8k8"},{"_typeName":"Person","id":"cjd3qqiaz06to01287cmovt5u","fieldName":"picture"}],[{"_typeName":"Picture","id":"cjd3qqico06u50128de37c2c0"},{"_typeName":"Person","id":"cjd3qqico06u40128s61lvgco","fieldName":"picture"}],[{"_typeName":"Picture","id":"cjd3qqicp06u80128t6rh9rbd"},{"_typeName":"Person","id":"cjd3qqicn06u20128x82fgxvc","fieldName":"picture"}],[{"_typeName":"Picture","id":"cjd3qqidh06uh0128afb5fdez"},{"_typeName":"Person","id":"cjd3qqidg06ug01288p0hc7ab","fieldName":"picture"}],[{"_typeName":"Picture","id":"cjd3qqie606uo0128h3r9qu6g"},{"_typeName":"Person","id":"cjd3qqie606un01284bgligvs","fieldName":"picture"}],[{"_typeName":"Picture","id":"cjd3qqikd06uy01289nl19eso"},{"_typeName":"Person","id":"cjd3qqikd06ux0128loqmcqzd","fieldName":"picture"}],[{"_typeName":"Picture","id":"cjd3qqikt06v501283sg45rgf"},{"_typeName":"Person","id":"cjd3qqikt06v40128opfc73ua","fieldName":"picture"}],[{"_typeName":"Picture","id":"cjd3qqilc06vl0128m973biap"},{"_typeName":"Person","id":"cjd3qqilc06vk0128o7ic8csn","fieldName":"picture"}],[{"_typeName":"Picture","id":"cjd3qqile06vr0128tpynw818"},{"_typeName":"Person","id":"cjd3qqile06vq01289icx9iaf","fieldName":"picture"}],[{"_typeName":"Picture","id":"cjd3qqilo06vy0128a3i9xy6p"},{"_typeName":"Person","id":"cjd3qqilo06vx0128gy9e0252","fieldName":"picture"}],[{"_typeName":"Picture","id":"cjd3qqimp06w40128bpwg5bda"},{"_typeName":"Person","id":"cjd3qqimp06w301285grznmnb","fieldName":"picture"}],[{"_typeName":"Picture","id":"cjd3qqino06wd0128tsb0i3pd"},{"_typeName":"Person","id":"cjd3qqino06wc0128c42xmc4k","fieldName":"picture"}],[{"_typeName":"Picture","id":"cjd3qqint06wl0128yhgxuxxb"},{"_typeName":"Person","id":"cjd3qqint06wk012825d1yv17","fieldName":"picture"}],[{"_typeName":"Picture","id":"cjd3qqio806ws0128uo5smth0"},{"_typeName":"Person","id":"cjd3qqio806wr0128gtc49ycb","fieldName":"picture"}],[{"_typeName":"Picture","id":"cjd3qqiw206wz0128afswuog7"},{"_typeName":"Person","id":"cjd3qqiw206wy01287srf48e4","fieldName":"picture"}],[{"_typeName":"Picture","id":"cjd3qqiym06xn0128c2srt36s"},{"_typeName":"Person","id":"cjd3qqiym06xm0128hybzsxva","fieldName":"picture"}],[{"_typeName":"Picture","id":"cjd3qqiyn06xr0128mrm2d48r"},{"_typeName":"Person","id":"cjd3qqiym06xq0128hkl9o65k","fieldName":"picture"}],[{"_typeName":"Picture","id":"cjd3qqiz106y00128qu6ng09y"},{"_typeName":"Person","id":"cjd3qqiz106xz0128mb9vlb2x","fieldName":"picture"}],[{"_typeName":"Picture","id":"cjd3qqiza06y6012844aew4zb"},{"_typeName":"Person","id":"cjd3qqiza06y50128fa3kpudd","fieldName":"picture"}],[{"_typeName":"Picture","id":"cjd3qqizg06ye01284ox6qias"},{"_typeName":"Person","id":"cjd3qqizg06yc0128ruv5jbt7","fieldName":"picture"}],[{"_typeName":"Picture","id":"cjd3qqizg06yd0128im9dff6c"},{"_typeName":"Person","id":"cjd3qqizg06yb0128afmsym7i","fieldName":"picture"}],[{"_typeName":"Picture","id":"cjd3qqj0p06yp0128aiwmqgy4"},{"_typeName":"Person","id":"cjd3qqj0p06yo0128d8ydf1rb","fieldName":"picture"}],[{"_typeName":"Picture","id":"cjd3qqj1p06z40128dgi44eb4"},{"_typeName":"Person","id":"cjd3qqj1p06z30128lc1tnr0k","fieldName":"picture"}],[{"_typeName":"Picture","id":"cjd3qqj8507050128ixo9wzca"},{"_typeName":"Person","id":"cjd3qqj8507040128bddish35","fieldName":"picture"}],[{"_typeName":"Picture","id":"cjd3qqjbh070e01282nm7k5ri"},{"_typeName":"Person","id":"cjd3qqjbh070d01282fhd9g5s","fieldName":"picture"}],[{"_typeName":"Picture","id":"cjd3qqjbt070m0128w25sv8oz"},{"_typeName":"Person","id":"cjd3qqjbt070l0128j4y6kmph","fieldName":"picture"}],[{"_typeName":"Picture","id":"cjd3qqjbv070t0128cs85jcga"},{"_typeName":"Person","id":"cjd3qqjbv070s0128yffqyao1","fieldName":"picture"}],[{"_typeName":"Picture","id":"cjd3qqjc907130128blwiqco2"},{"_typeName":"Person","id":"cjd3qqjc907120128vfpfr4gq","fieldName":"picture"}],[{"_typeName":"Picture","id":"cjd3qqjca071a0128i4rnqe7i"},{"_typeName":"Person","id":"cjd3qqjca07190128x02zpjm3","fieldName":"picture"}],[{"_typeName":"Picture","id":"cjd3qqjcy071g0128q989wtgu"},{"_typeName":"Person","id":"cjd3qqjcy071f0128pvg9b3sv","fieldName":"picture"}],[{"_typeName":"Picture","id":"cjd3qqjjc071p0128i4h2f7se"},{"_typeName":"Person","id":"cjd3qqjjb071o0128ywd9i7r7","fieldName":"picture"}],[{"_typeName":"Picture","id":"cjd3qqjje071w0128rvk0im55"},{"_typeName":"Person","id":"cjd3qqjje071v0128zv303rn4","fieldName":"picture"}],[{"_typeName":"Picture","id":"cjd3qqjjg07210128u2fvgi5a"},{"_typeName":"Person","id":"cjd3qqjjf07200128jlpdux91","fieldName":"picture"}],[{"_typeName":"Picture","id":"cjd3qqjjq072c01289cmzv0pe"},{"_typeName":"Person","id":"cjd3qqjjq072b0128jwh1kqw6","fieldName":"picture"}],[{"_typeName":"Picture","id":"cjd3qqjju072h0128sxgftjfb"},{"_typeName":"Person","id":"cjd3qqjju072g0128hsjjy85b","fieldName":"picture"}],[{"_typeName":"Picture","id":"cjd3qqjk3072n0128nnrw2h38"},{"_typeName":"Person","id":"cjd3qqjk2072m0128i92b4coo","fieldName":"picture"}],[{"_typeName":"Picture","id":"cjd3qqjkz072u0128paxejlgr"},{"_typeName":"Person","id":"cjd3qqjkz072t0128z9vn9zxe","fieldName":"picture"}],[{"_typeName":"Picture","id":"cjd3qqjqm073g0128d3lh3b6c"},{"_typeName":"Person","id":"cjd3qqjqm073f0128s27j7bts","fieldName":"picture"}],[{"_typeName":"Picture","id":"cjd3qqjqr073o0128goe2r7ba"},{"_typeName":"Person","id":"cjd3qqjqr073n0128fafbb7mv","fieldName":"picture"}],[{"_typeName":"Picture","id":"cjd3qqjqr073p0128gw0vaxc1"},{"_typeName":"Person","id":"cjd3qqjqr073m0128xu2ztvvv","fieldName":"picture"}],[{"_typeName":"Picture","id":"cjd3qqjqt073y0128nivu8qrm"},{"_typeName":"Person","id":"cjd3qqjqt073v0128hn472asg","fieldName":"picture"}],[{"_typeName":"Picture","id":"cjd3qqjqt073z012853jsfire"},{"_typeName":"Person","id":"cjd3qqjqt073x0128gpdzc4v5","fieldName":"picture"}],[{"_typeName":"Picture","id":"cjd3qqjr4074b0128m49eqrfi"},{"_typeName":"Person","id":"cjd3qqjr4074a0128ur1v1dyl","fieldName":"picture"}],[{"_typeName":"Picture","id":"cjd3qqjs7074i0128biaas959"},{"_typeName":"Person","id":"cjd3qqjs7074h0128dv26vunu","fieldName":"picture"}],[{"_typeName":"Picture","id":"cjd3qqjup074s0128qgsgz8xv"},{"_typeName":"Person","id":"cjd3qqjup074r0128dxj9465x","fieldName":"picture"}],[{"_typeName":"Picture","id":"cjd3qqjuu07540128xukyovon"},{"_typeName":"Person","id":"cjd3qqjut0753012880h1dhj6","fieldName":"picture"}],[{"_typeName":"Picture","id":"cjd3qqjvt075e0128qpfvqscl"},{"_typeName":"Person","id":"cjd3qqjvt075d0128ukxkhe4y","fieldName":"picture"}],[{"_typeName":"Picture","id":"cjd3qqjvu075j01289gwgmtke"},{"_typeName":"Person","id":"cjd3qqjvt075h0128dzpmmc4a","fieldName":"picture"}],[{"_typeName":"Picture","id":"cjd3qqjvv075o0128tf6s7c7k"},{"_typeName":"Person","id":"cjd3qqjvv075n0128hrqqdejk","fieldName":"picture"}],[{"_typeName":"Picture","id":"cjd3qqk29075y0128da2owrna"},{"_typeName":"Person","id":"cjd3qqk28075x0128u1840y7b","fieldName":"picture"}],[{"_typeName":"Picture","id":"cjd3qqk2e076d0128ibh2dkdv"},{"_typeName":"Person","id":"cjd3qqk2e076c012849gwpw79","fieldName":"picture"}],[{"_typeName":"Picture","id":"cjd3qqk2e076e0128x8bgqktu"},{"_typeName":"Person","id":"cjd3qqk2e076a0128n8e99jwr","fieldName":"picture"}],[{"_typeName":"Picture","id":"cjd3qqk2f076l0128x46nh1gq"},{"_typeName":"Person","id":"cjd3qqk2f076k01285028418b","fieldName":"picture"}],[{"_typeName":"Picture","id":"cjd3qqk2k076q01287uwvk2ek"},{"_typeName":"Person","id":"cjd3qqk2k076p0128w6aermn0","fieldName":"picture"}],[{"_typeName":"Picture","id":"cjd3qqk2v07700128ig0zworo"},{"_typeName":"Person","id":"cjd3qqk2v076z0128bqmqjtcj","fieldName":"picture"}],[{"_typeName":"Picture","id":"cjd3qqk3i0776012843qyerpk"},{"_typeName":"Person","id":"cjd3qqk3i07750128bvam3qbl","fieldName":"picture"}],[{"_typeName":"Picture","id":"cjd3qqk50077l0128z1lcnvlg"},{"_typeName":"Person","id":"cjd3qqk50077k01282agopnae","fieldName":"picture"}],[{"_typeName":"Picture","id":"cjd3qqk59077q01285wyc6bf6"},{"_typeName":"Person","id":"cjd3qqk59077p0128b7yiih28","fieldName":"picture"}],[{"_typeName":"Picture","id":"cjd3qqk5g077u0128bpqaya4s"},{"_typeName":"Person","id":"cjd3qqk4w077f01280iimzlfr","fieldName":"picture"}],[{"_typeName":"Picture","id":"cjd3qqk7h078501282c7p3fsc"},{"_typeName":"Person","id":"cjd3qqk7h07840128bbxaf5vd","fieldName":"picture"}],[{"_typeName":"Picture","id":"cjd3qqk7l078a0128smrupwzk"},{"_typeName":"Person","id":"cjd3qqk7l07890128en3v1acs","fieldName":"picture"}],[{"_typeName":"Picture","id":"cjd3qqk7z078f012865eswuj8"},{"_typeName":"Person","id":"cjd3qqk7x078e01286kwsrusy","fieldName":"picture"}],[{"_typeName":"Picture","id":"cjd3qqke7078m0128yugb6mqx"},{"_typeName":"Person","id":"cjd3qqke7078l0128c9mea1n9","fieldName":"picture"}],[{"_typeName":"Picture","id":"cjd3qqkey078x0128525efg8v"},{"_typeName":"Person","id":"cjd3qqkey078v01287snwvrqw","fieldName":"picture"}],[{"_typeName":"Picture","id":"cjd3qqkey078w0128jdzeo1hr"},{"_typeName":"Person","id":"cjd3qqkey078v0128fawsf0je","fieldName":"picture"}],[{"_typeName":"Picture","id":"cjd3qqkf80796012895lw0mm3"},{"_typeName":"Person","id":"cjd3qqkf8079501286cg1lnus","fieldName":"picture"}],[{"_typeName":"Picture","id":"cjd3qqkgg079f0128ndgrucjm"},{"_typeName":"Person","id":"cjd3qqkgg079e0128vsybgay6","fieldName":"picture"}],[{"_typeName":"Picture","id":"cjd3qqkgk079k01286a0h05ab"},{"_typeName":"Person","id":"cjd3qqkgk079j0128f15bve6r","fieldName":"picture"}],[{"_typeName":"Picture","id":"cjd3qqkil079r0128yofcoeen"},{"_typeName":"Person","id":"cjd3qqkil079q0128ooc7enge","fieldName":"picture"}],[{"_typeName":"Picture","id":"cjd3qqkmm07a30128g85h8cwm"},{"_typeName":"Person","id":"cjd3qqkmm07a20128wbeogvay","fieldName":"picture"}],[{"_typeName":"Picture","id":"cjd3qqkmo07a80128jiqgholc"},{"_typeName":"Person","id":"cjd3qqkmo07a70128zms429wi","fieldName":"picture"}],[{"_typeName":"Picture","id":"cjd3qqknw07au0128zgll30i3"},{"_typeName":"Person","id":"cjd3qqknw07at0128s9r0ypn5","fieldName":"picture"}],[{"_typeName":"Picture","id":"cjd3qqko107az0128vdo05bl3"},{"_typeName":"Person","id":"cjd3qqko107ay01282hvynt1g","fieldName":"picture"}],[{"_typeName":"Picture","id":"cjd3qqkpp07b60128rt3c3vqn"},{"_typeName":"Person","id":"cjd3qqkpp07b50128p0dsvac1","fieldName":"picture"}],[{"_typeName":"Picture","id":"cjd3qqkq807bd0128bmmlwscs"},{"_typeName":"Person","id":"cjd3qqkq807bc01288w4v46ly","fieldName":"picture"}],[{"_typeName":"Picture","id":"cjd3qqksm07br0128npi9h76j"},{"_typeName":"Person","id":"cjd3qqksm07bq0128d6l45knp","fieldName":"picture"}],[{"_typeName":"Picture","id":"cjd3qqkst07by01284ggavwmh"},{"_typeName":"Person","id":"cjd3qqkst07bx0128aur8qlvt","fieldName":"picture"}],[{"_typeName":"Picture","id":"cjd3qqkt707c60128sq052mfk"},{"_typeName":"Person","id":"cjd3qqkt707c30128tqs1od59","fieldName":"picture"}],[{"_typeName":"Picture","id":"cjd3qqkt707c5012833f8l6nz"},{"_typeName":"Person","id":"cjd3qqkt707c40128foplh44o","fieldName":"picture"}],[{"_typeName":"Picture","id":"cjd3qqktf07cd012844dvsg6y"},{"_typeName":"Person","id":"cjd3qqktf07cc0128fkdbf1r7","fieldName":"picture"}],[{"_typeName":"Picture","id":"cjd3qqkwy07ck01281nrgwkq3"},{"_typeName":"Person","id":"cjd3qqkwy07cj0128vwzxunb0","fieldName":"picture"}],[{"_typeName":"Picture","id":"cjd3qqkzg07d201282c23bzvl"},{"_typeName":"Person","id":"cjd3qqkzg07d10128uqcnmnxv","fieldName":"picture"}],[{"_typeName":"Picture","id":"cjd3qqkzs07d801289q8jwm07"},{"_typeName":"Person","id":"cjd3qqkzs07d70128vaq67ptk","fieldName":"picture"}],[{"_typeName":"Picture","id":"cjd3qqkzs07dc0128j38t46mz"},{"_typeName":"Person","id":"cjd3qqkzs07db01282k8um1ow","fieldName":"picture"}],[{"_typeName":"Picture","id":"cjd3qql7707di0128xt8fm9i9"},{"_typeName":"Person","id":"cjd3qql7707dh01289r31lika","fieldName":"picture"}],[{"_typeName":"Picture","id":"cjd3qql7f07dn0128jbvu3l1a"},{"_typeName":"Person","id":"cjd3qql7f07dm0128notazinv","fieldName":"picture"}],[{"_typeName":"Picture","id":"cjd3qql7j07dt0128ttgt4ks9"},{"_typeName":"Person","id":"cjd3qql7j07ds0128x6g2eo22","fieldName":"picture"}],[{"_typeName":"Picture","id":"cjd3qql8m07e101283omz4sts"},{"_typeName":"Person","id":"cjd3qql8m07e00128rj0tp9z4","fieldName":"picture"}],[{"_typeName":"Picture","id":"cjd3qql8t07e90128tajxkov7"},{"_typeName":"Person","id":"cjd3qql8t07e80128y69ne48n","fieldName":"picture"}],[{"_typeName":"Picture","id":"cjd3qql8u07ee01280yqikxbb"},{"_typeName":"Person","id":"cjd3qql8t07ed0128hw6vwtmb","fieldName":"picture"}],[{"_typeName":"Picture","id":"cjd3qql9p07ek0128yska55rv"},{"_typeName":"Person","id":"cjd3qql9o07ej0128u4np6p2p","fieldName":"picture"}],[{"_typeName":"Picture","id":"cjd3qqlgl07f30128g848vc2f"},{"_typeName":"Person","id":"cjd3qqlgl07f00128po3wfcc5","fieldName":"picture"}],[{"_typeName":"Picture","id":"cjd3qqlgl07f40128b2t5rtwz"},{"_typeName":"Person","id":"cjd3qqlgl07f20128znnwn7bv","fieldName":"picture"}],[{"_typeName":"Picture","id":"cjd3qqlgn07fc0128o7ctez86"},{"_typeName":"Person","id":"cjd3qqlgn07fb0128w1xpg88d","fieldName":"picture"}],[{"_typeName":"Picture","id":"cjd3qqlgp07fh01288xsc7eld"},{"_typeName":"Person","id":"cjd3qqlgo07fg01288rm2ivkp","fieldName":"picture"}],[{"_typeName":"Picture","id":"cjd3qqlgq07fm01282x2cpsel"},{"_typeName":"Person","id":"cjd3qqlgq07fl0128tqj3b4cl","fieldName":"picture"}],[{"_typeName":"Picture","id":"cjd3qqliu07fz0128da0ezzjk"},{"_typeName":"Person","id":"cjd3qqliu07fy0128c9x36ruf","fieldName":"picture"}],[{"_typeName":"Picture","id":"cjd3qqlke07g701284gbbz81h"},{"_typeName":"Person","id":"cjd3qqlke07g60128rk927saz","fieldName":"picture"}],[{"_typeName":"Picture","id":"cjd3qqlkm07gd0128rqbk0zhi"},{"_typeName":"Person","id":"cjd3qqlkj07gc0128ojpdbdhl","fieldName":"picture"}],[{"_typeName":"Picture","id":"cjd3qqlkp07gj0128w3jtb9v9"},{"_typeName":"Person","id":"cjd3qqlkp07gi0128jajo9r32","fieldName":"picture"}],[{"_typeName":"Picture","id":"cjd3qqlkv07go0128isj5mzig"},{"_typeName":"Person","id":"cjd3qqlkv07gn0128pcmersr8","fieldName":"picture"}],[{"_typeName":"Picture","id":"cjd3qqllp07h00128dw5pns50"},{"_typeName":"Person","id":"cjd3qqllp07gz01288maffqh4","fieldName":"picture"}],[{"_typeName":"Picture","id":"cjd3qqllu07h50128o2ut7ed1"},{"_typeName":"Person","id":"cjd3qqllu07h401288wvtwjb3","fieldName":"picture"}],[{"_typeName":"Picture","id":"cjd3qqlsy07he01288y16nezv"},{"_typeName":"Person","id":"cjd3qqlsy07hd0128gco7gt67","fieldName":"picture"}],[{"_typeName":"Picture","id":"cjd3qqlt507hj0128w4pbhs8f"},{"_typeName":"Person","id":"cjd3qqlt407hi0128sns88zcb","fieldName":"picture"}],[{"_typeName":"Picture","id":"cjd3qqltc07ht0128uwfilhfx"},{"_typeName":"Person","id":"cjd3qqltc07hs0128yssyqysg","fieldName":"picture"}],[{"_typeName":"Picture","id":"cjd3qqltl07i2012822xnwcmx"},{"_typeName":"Person","id":"cjd3qqltl07i10128l92gzlct","fieldName":"picture"}],[{"_typeName":"Picture","id":"cjd3qqltm07i70128ugjihci2"},{"_typeName":"Person","id":"cjd3qqltm07i60128c21te9t8","fieldName":"picture"}],[{"_typeName":"Picture","id":"cjd3qqltq07ib0128h7ja2qmk"},{"_typeName":"Person","id":"cjd3qqltq07ia0128tguu241p","fieldName":"picture"}],[{"_typeName":"Picture","id":"cjd3qqlu707ij01289xgrgsxo"},{"_typeName":"Person","id":"cjd3qqlu607ii0128jd1oi93k","fieldName":"picture"}],[{"_typeName":"Picture","id":"cjd3qqlv907iq0128tvumwzja"},{"_typeName":"Person","id":"cjd3qqlv907ip0128oqmzgebj","fieldName":"picture"}],[{"_typeName":"Picture","id":"cjd3qqlvi07iz0128v0tipk6e"},{"_typeName":"Person","id":"cjd3qqlvi07iy012868pqow44","fieldName":"picture"}],[{"_typeName":"Picture","id":"cjd3qqlvk07j40128zuh4534h"},{"_typeName":"Person","id":"cjd3qqlvk07j301286x5m7e10","fieldName":"picture"}],[{"_typeName":"Picture","id":"cjd3qqm2v07jb0128e5s4sgzg"},{"_typeName":"Person","id":"cjd3qqm2v07ja0128xw2shbrg","fieldName":"picture"}],[{"_typeName":"Picture","id":"cjd3qqm2w07jj01285svq02xn"},{"_typeName":"Person","id":"cjd3qqm2w07ji0128590t0zv9","fieldName":"picture"}],[{"_typeName":"Picture","id":"cjd3qqm3507jr0128pe7whg58"},{"_typeName":"Person","id":"cjd3qqm3507jq0128u4s7zxy7","fieldName":"picture"}],[{"_typeName":"Picture","id":"cjd3qqm3607jw0128ob9wx1an"},{"_typeName":"Person","id":"cjd3qqm3607jv0128ivs7dvo1","fieldName":"picture"}],[{"_typeName":"Picture","id":"cjd3qqm3g07k60128rf8r6azn"},{"_typeName":"Person","id":"cjd3qqm3g07k50128o4l77fnc","fieldName":"picture"}],[{"_typeName":"Picture","id":"cjd3qqm3k07kb0128kmgztylc"},{"_typeName":"Person","id":"cjd3qqm3k07ka0128dqxu2h6f","fieldName":"picture"}],[{"_typeName":"Picture","id":"cjd3qqm4307ki0128dkjcy39f"},{"_typeName":"Person","id":"cjd3qqm4307kh0128ozwicnrh","fieldName":"picture"}],[{"_typeName":"Picture","id":"cjd3qqm4q07ko0128h2yxhur5"},{"_typeName":"Person","id":"cjd3qqm4q07kn0128t4ubfpcu","fieldName":"picture"}],[{"_typeName":"Picture","id":"cjd3qqm7a07kw01286j62bpiy"},{"_typeName":"Person","id":"cjd3qqm7a07kv01287811npg6","fieldName":"picture"}],[{"_typeName":"Picture","id":"cjd3qqm8g07l901288u49pepa"},{"_typeName":"Person","id":"cjd3qqm8g07l601286w90tpvx","fieldName":"picture"}],[{"_typeName":"Picture","id":"cjd3qqm8g07l80128ip7tbfp4"},{"_typeName":"Person","id":"cjd3qqm8g07l70128wrl98sv0","fieldName":"picture"}],[{"_typeName":"Picture","id":"cjd3qqm8i07lg0128m7w5zolw"},{"_typeName":"Person","id":"cjd3qqm8h07lf0128a4rk5i7d","fieldName":"picture"}],[{"_typeName":"Picture","id":"cjd3qqm8u07lo0128isfeakvn"},{"_typeName":"Person","id":"cjd3qqm8p07lm01289lxj8eik","fieldName":"picture"}],[{"_typeName":"Picture","id":"cjd3qqm9507lu0128ua9fmta8"},{"_typeName":"Person","id":"cjd3qqm9507lt0128n77og8fc","fieldName":"picture"}],[{"_typeName":"Picture","id":"cjd3qqm9w07m101280y7di81x"},{"_typeName":"Person","id":"cjd3qqm9w07m001283ntimevq","fieldName":"picture"}],[{"_typeName":"Picture","id":"cjd3qqmi407m9012860zi6uzd"},{"_typeName":"Person","id":"cjd3qqmi407m801282y6gx5j0","fieldName":"picture"}],[{"_typeName":"Picture","id":"cjd3qqmiy07mk0128gwj956nm"},{"_typeName":"Person","id":"cjd3qqmiy07mj0128h6xuu7xn","fieldName":"picture"}],[{"_typeName":"Picture","id":"cjd3qqmj107mq01281ytvid4w"},{"_typeName":"Person","id":"cjd3qqmj107mp01285et7dije","fieldName":"picture"}],[{"_typeName":"Picture","id":"cjd3qqmj307mx0128iuywsdgt"},{"_typeName":"Person","id":"cjd3qqmj307mw012817glvhyv","fieldName":"picture"}],[{"_typeName":"Picture","id":"cjd3qqmjb07n2012846wz3nd2"},{"_typeName":"Person","id":"cjd3qqmjb07n10128wlb5s1mh","fieldName":"picture"}],[{"_typeName":"Picture","id":"cjd3qqmjo07n801282ixbaw5q"},{"_typeName":"Person","id":"cjd3qqmjo07n70128vtpsq8tl","fieldName":"picture"}],[{"_typeName":"Picture","id":"cjd3qqmk807nf0128v6ajqsad"},{"_typeName":"Person","id":"cjd3qqmk807ne0128xy005eeq","fieldName":"picture"}],[{"_typeName":"Picture","id":"cjd3qqmlp07nq0128j736bap3"},{"_typeName":"Person","id":"cjd3qqmlp07np0128qeathz9w","fieldName":"picture"}],[{"_typeName":"Picture","id":"cjd3qqmlx07ny0128exe5ph6e"},{"_typeName":"Person","id":"cjd3qqmlx07nx01282w78h5a6","fieldName":"picture"}],[{"_typeName":"Picture","id":"cjd3qqmma07o40128ulenxyhk"},{"_typeName":"Person","id":"cjd3qqmma07o30128s8x7be3b","fieldName":"picture"}],[{"_typeName":"Picture","id":"cjd3qqmmb07o90128wb6elal6"},{"_typeName":"Person","id":"cjd3qqmma07o70128ha5tb4v6","fieldName":"picture"}],[{"_typeName":"Picture","id":"cjd3qqmmv07of01289tfkhlb5"},{"_typeName":"Person","id":"cjd3qqmmv07oe01286be6jmoh","fieldName":"picture"}],[{"_typeName":"Picture","id":"cjd3qqmo807ol0128o7sfnz7y"},{"_typeName":"Person","id":"cjd3qqmo807ok0128oalhhfth","fieldName":"picture"}],[{"_typeName":"Picture","id":"cjd3qqmv807ou0128yfbwwvkf"},{"_typeName":"Person","id":"cjd3qqmv807ot0128zt2u7kts","fieldName":"picture"}],[{"_typeName":"Picture","id":"cjd3qqmvb07p201284k8zr5wl"},{"_typeName":"Person","id":"cjd3qqmvb07p10128f167h174","fieldName":"picture"}],[{"_typeName":"Picture","id":"cjd3qqmzg07py0128xnlf9nnl"},{"_typeName":"Person","id":"cjd3qqmzg07px0128kycz9173","fieldName":"picture"}],[{"_typeName":"Picture","id":"cjd3qqn2807q50128fcwce0p3"},{"_typeName":"Person","id":"cjd3qqn2807q40128dzqri6ni","fieldName":"picture"}],[{"_typeName":"Picture","id":"cjd3qqn2r07qd0128wy0dj2nj"},{"_typeName":"Person","id":"cjd3qqn2r07qc0128edkoqjq2","fieldName":"picture"}],[{"_typeName":"Picture","id":"cjd3qqn2z07qm01280pye4pa4"},{"_typeName":"Person","id":"cjd3qqn2z07ql01287w8uqh6n","fieldName":"picture"}],[{"_typeName":"Picture","id":"cjd3qqn3107qr0128svqeuzze"},{"_typeName":"Person","id":"cjd3qqn3107qq0128x218l4r3","fieldName":"picture"}],[{"_typeName":"Picture","id":"cjd3qqn3807qz0128t783y6du"},{"_typeName":"Person","id":"cjd3qqn3807qy0128ujrdfw2s","fieldName":"picture"}],[{"_typeName":"Picture","id":"cjd3qqn3a07r401285pbxsdkf"},{"_typeName":"Person","id":"cjd3qqn3a07r30128ixxmkg4a","fieldName":"picture"}],[{"_typeName":"Picture","id":"cjd3qqn4u07rb01283mzcq78i"},{"_typeName":"Person","id":"cjd3qqn4u07ra0128qlayfeo1","fieldName":"picture"}],[{"_typeName":"Picture","id":"cjd3qqn6r07rk0128lgm68x2k"},{"_typeName":"Person","id":"cjd3qqn6r07rj0128ksoaf3yl","fieldName":"picture"}],[{"_typeName":"Picture","id":"cjd3qqn6v07rq0128lumpuknf"},{"_typeName":"Person","id":"cjd3qqn6v07rp0128t1zu405r","fieldName":"picture"}],[{"_typeName":"Picture","id":"cjd3qqn7407rv0128z1zbybue"},{"_typeName":"Person","id":"cjd3qqn7407ru0128eg7de03t","fieldName":"picture"}],[{"_typeName":"Picture","id":"cjd3qqn7j07s70128erjijlow"},{"_typeName":"Person","id":"cjd3qqn7j07s6012875d2cg1n","fieldName":"picture"}],[{"_typeName":"Picture","id":"cjd3qqn7v07sc0128i1uyuwtt"},{"_typeName":"Person","id":"cjd3qqn7v07sb0128jynrgpo8","fieldName":"picture"}],[{"_typeName":"Picture","id":"cjd3qqn8007sh01288ql02dhb"},{"_typeName":"Person","id":"cjd3qqn8007sg012852zxqxpb","fieldName":"picture"}],[{"_typeName":"Picture","id":"cjd3qqncu07sx01282zlx7vqj"},{"_typeName":"Person","id":"cjd3qqnct07sw0128r366nzsb","fieldName":"picture"}],[{"_typeName":"Picture","id":"cjd3qqnd007t201284mrv0imw"},{"_typeName":"Person","id":"cjd3qqnd007t10128f60slf78","fieldName":"picture"}],[{"_typeName":"Picture","id":"cjd3qqnd707t70128i0njhekv"},{"_typeName":"Person","id":"cjd3qqnd707t60128oiryu6u1","fieldName":"picture"}],[{"_typeName":"Picture","id":"cjd3qqnda07tc01281z20ef5f"},{"_typeName":"Person","id":"cjd3qqnda07tb0128v7y77qdn","fieldName":"picture"}],[{"_typeName":"Picture","id":"cjd3qqndc07th0128theb45qy"},{"_typeName":"Person","id":"cjd3qqndc07tg0128gg8z4hp9","fieldName":"picture"}],[{"_typeName":"Picture","id":"cjd3qqne207to0128475f3w2k"},{"_typeName":"Person","id":"cjd3qqne207tn01281jhpuyht","fieldName":"picture"}],[{"_typeName":"Picture","id":"cjd3qqnea07tu0128ycg5tb1n"},{"_typeName":"Person","id":"cjd3qqnea07tt012828qzdivh","fieldName":"picture"}],[{"_typeName":"Picture","id":"cjd3qqng607u801280dw2c53r"},{"_typeName":"Person","id":"cjd3qqng607u701286lykn2i0","fieldName":"picture"}],[{"_typeName":"Picture","id":"cjd3qqng907ud0128dm6j4437"},{"_typeName":"Person","id":"cjd3qqng907uc0128c97ju4v7","fieldName":"picture"}],[{"_typeName":"Picture","id":"cjd3qqngk07ui0128nuj43vjl"},{"_typeName":"Person","id":"cjd3qqngf07uh0128bo73sdxa","fieldName":"picture"}],[{"_typeName":"Picture","id":"cjd3qqngv07un0128k0tpt0me"},{"_typeName":"Person","id":"cjd3qqngv07um0128iospzpo3","fieldName":"picture"}],[{"_typeName":"Picture","id":"cjd3qqnno07uv0128nodt437q"},{"_typeName":"Person","id":"cjd3qqnno07uu0128k3lw42l6","fieldName":"picture"}],[{"_typeName":"Picture","id":"cjd3qqnnx07v20128bukxneqx"},{"_typeName":"Person","id":"cjd3qqnnx07v101283i31bipg","fieldName":"picture"}],[{"_typeName":"Picture","id":"cjd3qqno807vd0128qcz2vx89"},{"_typeName":"Person","id":"cjd3qqno807vc0128o6zlcl4x","fieldName":"picture"}],[{"_typeName":"Picture","id":"cjd3qqnoa07vi0128aryiwyns"},{"_typeName":"Person","id":"cjd3qqnoa07vh0128phr5jl1n","fieldName":"picture"}],[{"_typeName":"Picture","id":"cjd3qqnof07vq0128p55e1ckx"},{"_typeName":"Person","id":"cjd3qqnof07vp0128dx8zmjtn","fieldName":"picture"}],[{"_typeName":"Picture","id":"cjd3qqnok07vv0128khp48hr3"},{"_typeName":"Person","id":"cjd3qqnok07vu01282kf19160","fieldName":"picture"}],[{"_typeName":"Picture","id":"cjd3qqnq307w30128v4ghp9b8"},{"_typeName":"Person","id":"cjd3qqnq307w20128jsb667za","fieldName":"picture"}],[{"_typeName":"Picture","id":"cjd3quezt0bxv01280kw8nz85"},{"_typeName":"Person","id":"cjd3quezt0bxu0128v45n3ik7","fieldName":"picture"}],[{"_typeName":"Picture","id":"cjd3quezt0bxw012820py81wj"},{"_typeName":"Person","id":"cjd3quezt0bxt0128u22xl8mx","fieldName":"picture"}],[{"_typeName":"Picture","id":"cjd3quezu0by3012887hbjjlx"},{"_typeName":"Person","id":"cjd3quezu0by201281pajdadp","fieldName":"picture"}],[{"_typeName":"Picture","id":"cjd3quf0k0byc0128danv5t7j"},{"_typeName":"Person","id":"cjd3quf0i0byb0128ufknr5ov","fieldName":"picture"}],[{"_typeName":"Picture","id":"cjd3quf0l0byi0128m32lwp1l"},{"_typeName":"Person","id":"cjd3quf0l0byh0128dofb9yv3","fieldName":"picture"}],[{"_typeName":"Picture","id":"cjd3quf350byx0128msvm5085"},{"_typeName":"Person","id":"cjd3quf350byw0128jhinvd9s","fieldName":"picture"}],[{"_typeName":"Picture","id":"cjd3quffx0bza0128midejfm7"},{"_typeName":"Person","id":"cjd3quffw0bz90128qtf4av2c","fieldName":"picture"}],[{"_typeName":"Picture","id":"cjd3qufg00bzf0128udodc78p"},{"_typeName":"Person","id":"cjd3qufg00bze0128orhq147f","fieldName":"picture"}],[{"_typeName":"Picture","id":"cjd3qufg30bzk0128ueppdqj2"},{"_typeName":"Person","id":"cjd3qufg30bzj0128bycw4iwf","fieldName":"picture"}],[{"_typeName":"Picture","id":"cjd3qufg90bzx01288t1sgcd5"},{"_typeName":"Person","id":"cjd3qufg90bzw012871ruxt5z","fieldName":"picture"}],[{"_typeName":"Picture","id":"cjd3qufgd0c050128t7r5r48s"},{"_typeName":"Person","id":"cjd3qufgd0c0401281gfv547t","fieldName":"picture"}],[{"_typeName":"Picture","id":"cjd3quwyb0cl1012883m639n0"},{"_typeName":"Person","id":"cjd3quwyb0ckz0128fca2olko","fieldName":"picture"}],[{"_typeName":"Picture","id":"cjd3quwyl0cl90128orrwebfq"},{"_typeName":"Person","id":"cjd3quwyk0cl80128ppjo41mv","fieldName":"picture"}],[{"_typeName":"Role","id":"cjcsm9vepd70h0113xhpt8l4w","fieldName":"staffs"},{"_typeName":"Person","id":"cjd3qqhpf06ql01281u77auzf","fieldName":"role"}],[{"_typeName":"Role","id":"cjcueuc3x9hwg0189w5y24gdx","fieldName":"staffs"},{"_typeName":"Person","id":"cjd3qqhps06qs0128zmpdvn27","fieldName":"role"}],[{"_typeName":"Role","id":"cjcwv8jurl2fm018959wzzsw7","fieldName":"staffs"},{"_typeName":"Person","id":"cjd3qqhr206rf01280jcg5vhe","fieldName":"role"}],[{"_typeName":"Role","id":"cjcueuc3x9hwg0189w5y24gdx","fieldName":"staffs"},{"_typeName":"Person","id":"cjd3qqhr606rk01281ytsjnj9","fieldName":"role"}],[{"_typeName":"Role","id":"cjcsm68m9d3h00113yrsdjs8p","fieldName":"staffs"},{"_typeName":"Person","id":"cjd3qqhu206rx0128auda0ipr","fieldName":"role"}],[{"_typeName":"Role","id":"cjcwv8jurl2fm018959wzzsw7","fieldName":"staffs"},{"_typeName":"Person","id":"cjd3qqhx306s50128qig5he4g","fieldName":"role"}],[{"_typeName":"Role","id":"cjcwvb29nl4ge0189olj60d97","fieldName":"staffs"},{"_typeName":"Person","id":"cjd3qqi2v06sd0128zp3bzx2x","fieldName":"role"}],[{"_typeName":"Role","id":"cjcwv8jurl2fm018959wzzsw7","fieldName":"staffs"},{"_typeName":"Person","id":"cjd3qqi3d06so01281bgd841a","fieldName":"role"}],[{"_typeName":"Role","id":"cjcsm3oxjd1kf0113sw0e5n01","fieldName":"staffs"},{"_typeName":"Person","id":"cjd3qqi3d06so0128x7b84k1n","fieldName":"role"}],[{"_typeName":"Role","id":"cjcuhrqwhc6hz01890reik4yh","fieldName":"staffs"},{"_typeName":"Person","id":"cjd3qqia106t20128glug5rcc","fieldName":"role"}],[{"_typeName":"Role","id":"cjcsm3oxjd1kf0113sw0e5n01","fieldName":"staffs"},{"_typeName":"Person","id":"cjd3qqiak06td0128ebhg72p2","fieldName":"role"}],[{"_typeName":"Role","id":"cjcsm9vepd70h0113xhpt8l4w","fieldName":"staffs"},{"_typeName":"Person","id":"cjd3qqiao06ti0128sd2n6ern","fieldName":"role"}],[{"_typeName":"Role","id":"cjcsm68m9d3h00113yrsdjs8p","fieldName":"staffs"},{"_typeName":"Person","id":"cjd3qqiaz06to01287cmovt5u","fieldName":"role"}],[{"_typeName":"Role","id":"cjcuf2xn29nrd0189y1z60vdl","fieldName":"staffs"},{"_typeName":"Person","id":"cjd3qqico06u40128s61lvgco","fieldName":"role"}],[{"_typeName":"Role","id":"cjcuf2xn29nrd0189y1z60vdl","fieldName":"staffs"},{"_typeName":"Person","id":"cjd3qqicn06u20128x82fgxvc","fieldName":"role"}],[{"_typeName":"Role","id":"cjcwvb29nl4ge0189olj60d97","fieldName":"staffs"},{"_typeName":"Person","id":"cjd3qqidg06ug01288p0hc7ab","fieldName":"role"}],[{"_typeName":"Role","id":"cjcsm3oxjd1kf0113sw0e5n01","fieldName":"staffs"},{"_typeName":"Person","id":"cjd3qqie606un01284bgligvs","fieldName":"role"}],[{"_typeName":"Role","id":"cjcueuc3x9hwg0189w5y24gdx","fieldName":"staffs"},{"_typeName":"Person","id":"cjd3qqikd06ux0128loqmcqzd","fieldName":"role"}],[{"_typeName":"Role","id":"cjcueqgbg9f4f0189dtxxbq5q","fieldName":"staffs"},{"_typeName":"Person","id":"cjd3qqikt06v40128opfc73ua","fieldName":"role"}],[{"_typeName":"Role","id":"cjcsm3oxjd1kf0113sw0e5n01","fieldName":"staffs"},{"_typeName":"Person","id":"cjd3qqilc06vk0128o7ic8csn","fieldName":"role"}],[{"_typeName":"Role","id":"cjcsm68m9d3h00113yrsdjs8p","fieldName":"staffs"},{"_typeName":"Person","id":"cjd3qqile06vq01289icx9iaf","fieldName":"role"}],[{"_typeName":"Role","id":"cjcudoqsy80hv0189grqbyd0n","fieldName":"staffs"},{"_typeName":"Person","id":"cjd3qqilo06vx0128gy9e0252","fieldName":"role"}],[{"_typeName":"Role","id":"cjcuhrqwhc6hz01890reik4yh","fieldName":"staffs"},{"_typeName":"Person","id":"cjd3qqimp06w301285grznmnb","fieldName":"role"}],[{"_typeName":"Role","id":"cjcueqgbg9f4f0189dtxxbq5q","fieldName":"staffs"},{"_typeName":"Person","id":"cjd3qqino06wc0128c42xmc4k","fieldName":"role"}],[{"_typeName":"Role","id":"cjcwv8jurl2fm018959wzzsw7","fieldName":"staffs"},{"_typeName":"Person","id":"cjd3qqint06wk012825d1yv17","fieldName":"role"}],[{"_typeName":"Role","id":"cjcuhrqwhc6hz01890reik4yh","fieldName":"staffs"},{"_typeName":"Person","id":"cjd3qqio806wr0128gtc49ycb","fieldName":"role"}],[{"_typeName":"Role","id":"cjcudoqsy80hv0189grqbyd0n","fieldName":"staffs"},{"_typeName":"Person","id":"cjd3qqiw206wy01287srf48e4","fieldName":"role"}],[{"_typeName":"Role","id":"cjcuhrqwhc6hz01890reik4yh","fieldName":"staffs"},{"_typeName":"Person","id":"cjd3qqiym06xq0128hkl9o65k","fieldName":"role"}],[{"_typeName":"Role","id":"cjcueqgbg9f4f0189dtxxbq5q","fieldName":"staffs"},{"_typeName":"Person","id":"cjd3qqiym06xm0128hybzsxva","fieldName":"role"}],[{"_typeName":"Role","id":"cjcueqgbg9f4f0189dtxxbq5q","fieldName":"staffs"},{"_typeName":"Person","id":"cjd3qqiz106xz0128mb9vlb2x","fieldName":"role"}],[{"_typeName":"Role","id":"cjcwv8jurl2fm018959wzzsw7","fieldName":"staffs"},{"_typeName":"Person","id":"cjd3qqiza06y50128fa3kpudd","fieldName":"role"}],[{"_typeName":"Role","id":"cjcsm68m9d3h00113yrsdjs8p","fieldName":"staffs"},{"_typeName":"Person","id":"cjd3qqizg06yc0128ruv5jbt7","fieldName":"role"}],[{"_typeName":"Role","id":"cjcwv8jurl2fm018959wzzsw7","fieldName":"staffs"},{"_typeName":"Person","id":"cjd3qqizg06yb0128afmsym7i","fieldName":"role"}],[{"_typeName":"Role","id":"cjcueuc3x9hwg0189w5y24gdx","fieldName":"staffs"},{"_typeName":"Person","id":"cjd3qqj0p06yo0128d8ydf1rb","fieldName":"role"}],[{"_typeName":"Role","id":"cjcudoqsy80hv0189grqbyd0n","fieldName":"staffs"},{"_typeName":"Person","id":"cjd3qqj1p06z30128lc1tnr0k","fieldName":"role"}],[{"_typeName":"Role","id":"cjcueqgbg9f4f0189dtxxbq5q","fieldName":"staffs"},{"_typeName":"Person","id":"cjd3qqj8507040128bddish35","fieldName":"role"}],[{"_typeName":"Role","id":"cjcsm3oxjd1kf0113sw0e5n01","fieldName":"staffs"},{"_typeName":"Person","id":"cjd3qqjbh070d01282fhd9g5s","fieldName":"role"}],[{"_typeName":"Role","id":"cjcsm9vepd70h0113xhpt8l4w","fieldName":"staffs"},{"_typeName":"Person","id":"cjd3qqjbt070l0128j4y6kmph","fieldName":"role"}],[{"_typeName":"Role","id":"cjcsm9vepd70h0113xhpt8l4w","fieldName":"staffs"},{"_typeName":"Person","id":"cjd3qqjbv070s0128yffqyao1","fieldName":"role"}],[{"_typeName":"Role","id":"cjcsm68m9d3h00113yrsdjs8p","fieldName":"staffs"},{"_typeName":"Person","id":"cjd3qqjc907120128vfpfr4gq","fieldName":"role"}],[{"_typeName":"Role","id":"cjcudoqsy80hv0189grqbyd0n","fieldName":"staffs"},{"_typeName":"Person","id":"cjd3qqjca07190128x02zpjm3","fieldName":"role"}],[{"_typeName":"Role","id":"cjcwvb29nl4ge0189olj60d97","fieldName":"staffs"},{"_typeName":"Person","id":"cjd3qqjcy071f0128pvg9b3sv","fieldName":"role"}],[{"_typeName":"Role","id":"cjcudoqsy80hv0189grqbyd0n","fieldName":"staffs"},{"_typeName":"Person","id":"cjd3qqjjb071o0128ywd9i7r7","fieldName":"role"}],[{"_typeName":"Role","id":"cjcueqgbg9f4f0189dtxxbq5q","fieldName":"staffs"},{"_typeName":"Person","id":"cjd3qqjje071v0128zv303rn4","fieldName":"role"}],[{"_typeName":"Role","id":"cjcsm3oxjd1kf0113sw0e5n01","fieldName":"staffs"},{"_typeName":"Person","id":"cjd3qqjjf07200128jlpdux91","fieldName":"role"}],[{"_typeName":"Role","id":"cjcsm3oxjd1kf0113sw0e5n01","fieldName":"staffs"},{"_typeName":"Person","id":"cjd3qqjjq072b0128jwh1kqw6","fieldName":"role"}],[{"_typeName":"Role","id":"cjcwv8jurl2fm018959wzzsw7","fieldName":"staffs"},{"_typeName":"Person","id":"cjd3qqjju072g0128hsjjy85b","fieldName":"role"}],[{"_typeName":"Role","id":"cjcwv8jurl2fm018959wzzsw7","fieldName":"staffs"},{"_typeName":"Person","id":"cjd3qqjk2072m0128i92b4coo","fieldName":"role"}],[{"_typeName":"Role","id":"cjcsm68m9d3h00113yrsdjs8p","fieldName":"staffs"},{"_typeName":"Person","id":"cjd3qqjkz072t0128z9vn9zxe","fieldName":"role"}],[{"_typeName":"Role","id":"cjcsm9vepd70h0113xhpt8l4w","fieldName":"staffs"},{"_typeName":"Person","id":"cjd3qqjqm073f0128s27j7bts","fieldName":"role"}],[{"_typeName":"Role","id":"cjcueuc3x9hwg0189w5y24gdx","fieldName":"staffs"},{"_typeName":"Person","id":"cjd3qqjqr073m0128xu2ztvvv","fieldName":"role"}],[{"_typeName":"Role","id":"cjcuf2xn29nrd0189y1z60vdl","fieldName":"staffs"},{"_typeName":"Person","id":"cjd3qqjqr073n0128fafbb7mv","fieldName":"role"}],[{"_typeName":"Role","id":"cjcueqgbg9f4f0189dtxxbq5q","fieldName":"staffs"},{"_typeName":"Person","id":"cjd3qqjqt073x0128gpdzc4v5","fieldName":"role"}],[{"_typeName":"Role","id":"cjcwv8jurl2fm018959wzzsw7","fieldName":"staffs"},{"_typeName":"Person","id":"cjd3qqjqt073v0128hn472asg","fieldName":"role"}],[{"_typeName":"Role","id":"cjcsm68m9d3h00113yrsdjs8p","fieldName":"staffs"},{"_typeName":"Person","id":"cjd3qqjr4074a0128ur1v1dyl","fieldName":"role"}],[{"_typeName":"Role","id":"cjcwvb29nl4ge0189olj60d97","fieldName":"staffs"},{"_typeName":"Person","id":"cjd3qqjs7074h0128dv26vunu","fieldName":"role"}],[{"_typeName":"Role","id":"cjcudoqsy80hv0189grqbyd0n","fieldName":"staffs"},{"_typeName":"Person","id":"cjd3qqjup074r0128dxj9465x","fieldName":"role"}],[{"_typeName":"Role","id":"cjcwvb29nl4ge0189olj60d97","fieldName":"staffs"},{"_typeName":"Person","id":"cjd3qqjut0753012880h1dhj6","fieldName":"role"}],[{"_typeName":"Role","id":"cjcsm3oxjd1kf0113sw0e5n01","fieldName":"staffs"},{"_typeName":"Person","id":"cjd3qqjvt075d0128ukxkhe4y","fieldName":"role"}],[{"_typeName":"Role","id":"cjcwv8jurl2fm018959wzzsw7","fieldName":"staffs"},{"_typeName":"Person","id":"cjd3qqjvt075h0128dzpmmc4a","fieldName":"role"}],[{"_typeName":"Role","id":"cjcueuc3x9hwg0189w5y24gdx","fieldName":"staffs"},{"_typeName":"Person","id":"cjd3qqjvv075n0128hrqqdejk","fieldName":"role"}],[{"_typeName":"Role","id":"cjcsm3oxjd1kf0113sw0e5n01","fieldName":"staffs"},{"_typeName":"Person","id":"cjd3qqk28075x0128u1840y7b","fieldName":"role"}],[{"_typeName":"Role","id":"cjcsm3oxjd1kf0113sw0e5n01","fieldName":"staffs"},{"_typeName":"Person","id":"cjd3qqk2e076c012849gwpw79","fieldName":"role"}],[{"_typeName":"Role","id":"cjcsm68m9d3h00113yrsdjs8p","fieldName":"staffs"},{"_typeName":"Person","id":"cjd3qqk2e076a0128n8e99jwr","fieldName":"role"}],[{"_typeName":"Role","id":"cjcudoqsy80hv0189grqbyd0n","fieldName":"staffs"},{"_typeName":"Person","id":"cjd3qqk2f076k01285028418b","fieldName":"role"}],[{"_typeName":"Role","id":"cjcuhrqwhc6hz01890reik4yh","fieldName":"staffs"},{"_typeName":"Person","id":"cjd3qqk2k076p0128w6aermn0","fieldName":"role"}],[{"_typeName":"Role","id":"cjcueqgbg9f4f0189dtxxbq5q","fieldName":"staffs"},{"_typeName":"Person","id":"cjd3qqk2v076z0128bqmqjtcj","fieldName":"role"}],[{"_typeName":"Role","id":"cjcwv8jurl2fm018959wzzsw7","fieldName":"staffs"},{"_typeName":"Person","id":"cjd3qqk3i07750128bvam3qbl","fieldName":"role"}],[{"_typeName":"Role","id":"cjcuhrqwhc6hz01890reik4yh","fieldName":"staffs"},{"_typeName":"Person","id":"cjd3qqk50077k01282agopnae","fieldName":"role"}],[{"_typeName":"Role","id":"cjcsm9vepd70h0113xhpt8l4w","fieldName":"staffs"},{"_typeName":"Person","id":"cjd3qqk59077p0128b7yiih28","fieldName":"role"}],[{"_typeName":"Role","id":"cjcueqgbg9f4f0189dtxxbq5q","fieldName":"staffs"},{"_typeName":"Person","id":"cjd3qqk4w077f01280iimzlfr","fieldName":"role"}],[{"_typeName":"Role","id":"cjcueuc3x9hwg0189w5y24gdx","fieldName":"staffs"},{"_typeName":"Person","id":"cjd3qqk7h07840128bbxaf5vd","fieldName":"role"}],[{"_typeName":"Role","id":"cjcsm9vepd70h0113xhpt8l4w","fieldName":"staffs"},{"_typeName":"Person","id":"cjd3qqk7l07890128en3v1acs","fieldName":"role"}],[{"_typeName":"Role","id":"cjcudoqsy80hv0189grqbyd0n","fieldName":"staffs"},{"_typeName":"Person","id":"cjd3qqk7x078e01286kwsrusy","fieldName":"role"}],[{"_typeName":"Role","id":"cjcudoqsy80hv0189grqbyd0n","fieldName":"staffs"},{"_typeName":"Person","id":"cjd3qqke7078l0128c9mea1n9","fieldName":"role"}],[{"_typeName":"Role","id":"cjcwv8jurl2fm018959wzzsw7","fieldName":"staffs"},{"_typeName":"Person","id":"cjd3qqkey078v01287snwvrqw","fieldName":"role"}],[{"_typeName":"Role","id":"cjcueuc3x9hwg0189w5y24gdx","fieldName":"staffs"},{"_typeName":"Person","id":"cjd3qqkey078v0128fawsf0je","fieldName":"role"}],[{"_typeName":"Role","id":"cjcudoqsy80hv0189grqbyd0n","fieldName":"staffs"},{"_typeName":"Person","id":"cjd3qqkf8079501286cg1lnus","fieldName":"role"}],[{"_typeName":"Role","id":"cjcueuc3x9hwg0189w5y24gdx","fieldName":"staffs"},{"_typeName":"Person","id":"cjd3qqkgg079e0128vsybgay6","fieldName":"role"}],[{"_typeName":"Role","id":"cjcsm3oxjd1kf0113sw0e5n01","fieldName":"staffs"},{"_typeName":"Person","id":"cjd3qqkgk079j0128f15bve6r","fieldName":"role"}],[{"_typeName":"Role","id":"cjcuhrqwhc6hz01890reik4yh","fieldName":"staffs"},{"_typeName":"Person","id":"cjd3qqkil079q0128ooc7enge","fieldName":"role"}],[{"_typeName":"Role","id":"cjcueuc3x9hwg0189w5y24gdx","fieldName":"staffs"},{"_typeName":"Person","id":"cjd3qqkmm07a20128wbeogvay","fieldName":"role"}],[{"_typeName":"Role","id":"cjcuhrqwhc6hz01890reik4yh","fieldName":"staffs"},{"_typeName":"Person","id":"cjd3qqkmo07a70128zms429wi","fieldName":"role"}],[{"_typeName":"Role","id":"cjcueuc3x9hwg0189w5y24gdx","fieldName":"staffs"},{"_typeName":"Person","id":"cjd3qqknw07at0128s9r0ypn5","fieldName":"role"}],[{"_typeName":"Role","id":"cjcudoqsy80hv0189grqbyd0n","fieldName":"staffs"},{"_typeName":"Person","id":"cjd3qqko107ay01282hvynt1g","fieldName":"role"}],[{"_typeName":"Role","id":"cjcudoqsy80hv0189grqbyd0n","fieldName":"staffs"},{"_typeName":"Person","id":"cjd3qqkpp07b50128p0dsvac1","fieldName":"role"}],[{"_typeName":"Role","id":"cjcueuc3x9hwg0189w5y24gdx","fieldName":"staffs"},{"_typeName":"Person","id":"cjd3qqkq807bc01288w4v46ly","fieldName":"role"}],[{"_typeName":"Role","id":"cjcuf2xn29nrd0189y1z60vdl","fieldName":"staffs"},{"_typeName":"Person","id":"cjd3qqksm07bq0128d6l45knp","fieldName":"role"}],[{"_typeName":"Role","id":"cjcuf2xn29nrd0189y1z60vdl","fieldName":"staffs"},{"_typeName":"Person","id":"cjd3qqkst07bx0128aur8qlvt","fieldName":"role"}],[{"_typeName":"Role","id":"cjcueuc3x9hwg0189w5y24gdx","fieldName":"staffs"},{"_typeName":"Person","id":"cjd3qqkt707c40128foplh44o","fieldName":"role"}],[{"_typeName":"Role","id":"cjcueqgbg9f4f0189dtxxbq5q","fieldName":"staffs"},{"_typeName":"Person","id":"cjd3qqkt707c30128tqs1od59","fieldName":"role"}],[{"_typeName":"Role","id":"cjcuhrqwhc6hz01890reik4yh","fieldName":"staffs"},{"_typeName":"Person","id":"cjd3qqktf07cc0128fkdbf1r7","fieldName":"role"}],[{"_typeName":"Role","id":"cjcueuc3x9hwg0189w5y24gdx","fieldName":"staffs"},{"_typeName":"Person","id":"cjd3qqkwy07cj0128vwzxunb0","fieldName":"role"}],[{"_typeName":"Role","id":"cjcwv8jurl2fm018959wzzsw7","fieldName":"staffs"},{"_typeName":"Person","id":"cjd3qqkzg07d10128uqcnmnxv","fieldName":"role"}],[{"_typeName":"Role","id":"cjcsm3oxjd1kf0113sw0e5n01","fieldName":"staffs"},{"_typeName":"Person","id":"cjd3qqkzs07d70128vaq67ptk","fieldName":"role"}],[{"_typeName":"Role","id":"cjcsm9vepd70h0113xhpt8l4w","fieldName":"staffs"},{"_typeName":"Person","id":"cjd3qqkzs07db01282k8um1ow","fieldName":"role"}],[{"_typeName":"Role","id":"cjcuf2xn29nrd0189y1z60vdl","fieldName":"staffs"},{"_typeName":"Person","id":"cjd3qql7707dh01289r31lika","fieldName":"role"}],[{"_typeName":"Role","id":"cjcwvb29nl4ge0189olj60d97","fieldName":"staffs"},{"_typeName":"Person","id":"cjd3qql7f07dm0128notazinv","fieldName":"role"}],[{"_typeName":"Role","id":"cjcudoqsy80hv0189grqbyd0n","fieldName":"staffs"},{"_typeName":"Person","id":"cjd3qql7j07ds0128x6g2eo22","fieldName":"role"}],[{"_typeName":"Role","id":"cjcsm9vepd70h0113xhpt8l4w","fieldName":"staffs"},{"_typeName":"Person","id":"cjd3qql8m07e00128rj0tp9z4","fieldName":"role"}],[{"_typeName":"Role","id":"cjcwv8jurl2fm018959wzzsw7","fieldName":"staffs"},{"_typeName":"Person","id":"cjd3qql8t07e80128y69ne48n","fieldName":"role"}],[{"_typeName":"Role","id":"cjcsm9vepd70h0113xhpt8l4w","fieldName":"staffs"},{"_typeName":"Person","id":"cjd3qql8t07ed0128hw6vwtmb","fieldName":"role"}],[{"_typeName":"Role","id":"cjcsm3oxjd1kf0113sw0e5n01","fieldName":"staffs"},{"_typeName":"Person","id":"cjd3qql9o07ej0128u4np6p2p","fieldName":"role"}],[{"_typeName":"Role","id":"cjcwv8jurl2fm018959wzzsw7","fieldName":"staffs"},{"_typeName":"Person","id":"cjd3qqlgl07f20128znnwn7bv","fieldName":"role"}],[{"_typeName":"Role","id":"cjcsm3oxjd1kf0113sw0e5n01","fieldName":"staffs"},{"_typeName":"Person","id":"cjd3qqlgl07f00128po3wfcc5","fieldName":"role"}],[{"_typeName":"Role","id":"cjcueuc3x9hwg0189w5y24gdx","fieldName":"staffs"},{"_typeName":"Person","id":"cjd3qqlgn07fb0128w1xpg88d","fieldName":"role"}],[{"_typeName":"Role","id":"cjcueuc3x9hwg0189w5y24gdx","fieldName":"staffs"},{"_typeName":"Person","id":"cjd3qqlgo07fg01288rm2ivkp","fieldName":"role"}],[{"_typeName":"Role","id":"cjcueuc3x9hwg0189w5y24gdx","fieldName":"staffs"},{"_typeName":"Person","id":"cjd3qqlgq07fl0128tqj3b4cl","fieldName":"role"}],[{"_typeName":"Role","id":"cjcwv8jurl2fm018959wzzsw7","fieldName":"staffs"},{"_typeName":"Person","id":"cjd3qqliu07fy0128c9x36ruf","fieldName":"role"}],[{"_typeName":"Role","id":"cjcsm9vepd70h0113xhpt8l4w","fieldName":"staffs"},{"_typeName":"Person","id":"cjd3qqlke07g60128rk927saz","fieldName":"role"}],[{"_typeName":"Role","id":"cjcueqgbg9f4f0189dtxxbq5q","fieldName":"staffs"},{"_typeName":"Person","id":"cjd3qqlkj07gc0128ojpdbdhl","fieldName":"role"}],[{"_typeName":"Role","id":"cjcsm9vepd70h0113xhpt8l4w","fieldName":"staffs"},{"_typeName":"Person","id":"cjd3qqlkv07gn0128pcmersr8","fieldName":"role"}],[{"_typeName":"Role","id":"cjcueuc3x9hwg0189w5y24gdx","fieldName":"staffs"},{"_typeName":"Person","id":"cjd3qqlkp07gi0128jajo9r32","fieldName":"role"}],[{"_typeName":"Role","id":"cjcsm3oxjd1kf0113sw0e5n01","fieldName":"staffs"},{"_typeName":"Person","id":"cjd3qqllp07gz01288maffqh4","fieldName":"role"}],[{"_typeName":"Role","id":"cjcsm9vepd70h0113xhpt8l4w","fieldName":"staffs"},{"_typeName":"Person","id":"cjd3qqllu07h401288wvtwjb3","fieldName":"role"}],[{"_typeName":"Role","id":"cjcsm3oxjd1kf0113sw0e5n01","fieldName":"staffs"},{"_typeName":"Person","id":"cjd3qqlsy07hd0128gco7gt67","fieldName":"role"}],[{"_typeName":"Role","id":"cjcsm68m9d3h00113yrsdjs8p","fieldName":"staffs"},{"_typeName":"Person","id":"cjd3qqlt407hi0128sns88zcb","fieldName":"role"}],[{"_typeName":"Role","id":"cjcsm9vepd70h0113xhpt8l4w","fieldName":"staffs"},{"_typeName":"Person","id":"cjd3qqltc07hs0128yssyqysg","fieldName":"role"}],[{"_typeName":"Role","id":"cjcwv8jurl2fm018959wzzsw7","fieldName":"staffs"},{"_typeName":"Person","id":"cjd3qqltl07i10128l92gzlct","fieldName":"role"}],[{"_typeName":"Role","id":"cjcudoqsy80hv0189grqbyd0n","fieldName":"staffs"},{"_typeName":"Person","id":"cjd3qqltq07ia0128tguu241p","fieldName":"role"}],[{"_typeName":"Role","id":"cjcwvb29nl4ge0189olj60d97","fieldName":"staffs"},{"_typeName":"Person","id":"cjd3qqltm07i60128c21te9t8","fieldName":"role"}],[{"_typeName":"Role","id":"cjcsm3oxjd1kf0113sw0e5n01","fieldName":"staffs"},{"_typeName":"Person","id":"cjd3qqlu607ii0128jd1oi93k","fieldName":"role"}],[{"_typeName":"Role","id":"cjcudoqsy80hv0189grqbyd0n","fieldName":"staffs"},{"_typeName":"Person","id":"cjd3qqlv907ip0128oqmzgebj","fieldName":"role"}],[{"_typeName":"Role","id":"cjcsm68m9d3h00113yrsdjs8p","fieldName":"staffs"},{"_typeName":"Person","id":"cjd3qqlvi07iy012868pqow44","fieldName":"role"}],[{"_typeName":"Role","id":"cjcudoqsy80hv0189grqbyd0n","fieldName":"staffs"},{"_typeName":"Person","id":"cjd3qqlvk07j301286x5m7e10","fieldName":"role"}],[{"_typeName":"Role","id":"cjcwv8jurl2fm018959wzzsw7","fieldName":"staffs"},{"_typeName":"Person","id":"cjd3qqm2v07ja0128xw2shbrg","fieldName":"role"}],[{"_typeName":"Role","id":"cjcuhrqwhc6hz01890reik4yh","fieldName":"staffs"},{"_typeName":"Person","id":"cjd3qqm2w07ji0128590t0zv9","fieldName":"role"}],[{"_typeName":"Role","id":"cjcsm68m9d3h00113yrsdjs8p","fieldName":"staffs"},{"_typeName":"Person","id":"cjd3qqm3507jq0128u4s7zxy7","fieldName":"role"}],[{"_typeName":"Role","id":"cjcsm9vepd70h0113xhpt8l4w","fieldName":"staffs"},{"_typeName":"Person","id":"cjd3qqm3607jv0128ivs7dvo1","fieldName":"role"}],[{"_typeName":"Role","id":"cjcsm9vepd70h0113xhpt8l4w","fieldName":"staffs"},{"_typeName":"Person","id":"cjd3qqm3g07k50128o4l77fnc","fieldName":"role"}],[{"_typeName":"Role","id":"cjcudoqsy80hv0189grqbyd0n","fieldName":"staffs"},{"_typeName":"Person","id":"cjd3qqm3k07ka0128dqxu2h6f","fieldName":"role"}],[{"_typeName":"Role","id":"cjcwv8jurl2fm018959wzzsw7","fieldName":"staffs"},{"_typeName":"Person","id":"cjd3qqm4307kh0128ozwicnrh","fieldName":"role"}],[{"_typeName":"Role","id":"cjcwvb29nl4ge0189olj60d97","fieldName":"staffs"},{"_typeName":"Person","id":"cjd3qqm4q07kn0128t4ubfpcu","fieldName":"role"}],[{"_typeName":"Role","id":"cjcudoqsy80hv0189grqbyd0n","fieldName":"staffs"},{"_typeName":"Person","id":"cjd3qqm7a07kv01287811npg6","fieldName":"role"}],[{"_typeName":"Role","id":"cjcsm68m9d3h00113yrsdjs8p","fieldName":"staffs"},{"_typeName":"Person","id":"cjd3qqm8g07l70128wrl98sv0","fieldName":"role"}],[{"_typeName":"Role","id":"cjcsm3oxjd1kf0113sw0e5n01","fieldName":"staffs"},{"_typeName":"Person","id":"cjd3qqm8g07l601286w90tpvx","fieldName":"role"}],[{"_typeName":"Role","id":"cjcudoqsy80hv0189grqbyd0n","fieldName":"staffs"},{"_typeName":"Person","id":"cjd3qqm8h07lf0128a4rk5i7d","fieldName":"role"}],[{"_typeName":"Role","id":"cjcueuc3x9hwg0189w5y24gdx","fieldName":"staffs"},{"_typeName":"Person","id":"cjd3qqm8p07lm01289lxj8eik","fieldName":"role"}],[{"_typeName":"Role","id":"cjcueqgbg9f4f0189dtxxbq5q","fieldName":"staffs"},{"_typeName":"Person","id":"cjd3qqm9507lt0128n77og8fc","fieldName":"role"}],[{"_typeName":"Role","id":"cjcuf2xn29nrd0189y1z60vdl","fieldName":"staffs"},{"_typeName":"Person","id":"cjd3qqm9w07m001283ntimevq","fieldName":"role"}],[{"_typeName":"Role","id":"cjcwv8jurl2fm018959wzzsw7","fieldName":"staffs"},{"_typeName":"Person","id":"cjd3qqmi407m801282y6gx5j0","fieldName":"role"}],[{"_typeName":"Role","id":"cjcwvb29nl4ge0189olj60d97","fieldName":"staffs"},{"_typeName":"Person","id":"cjd3qqmiy07mj0128h6xuu7xn","fieldName":"role"}],[{"_typeName":"Role","id":"cjcsm68m9d3h00113yrsdjs8p","fieldName":"staffs"},{"_typeName":"Person","id":"cjd3qqmj107mp01285et7dije","fieldName":"role"}],[{"_typeName":"Role","id":"cjcueqgbg9f4f0189dtxxbq5q","fieldName":"staffs"},{"_typeName":"Person","id":"cjd3qqmj307mw012817glvhyv","fieldName":"role"}],[{"_typeName":"Role","id":"cjcwv8jurl2fm018959wzzsw7","fieldName":"staffs"},{"_typeName":"Person","id":"cjd3qqmjb07n10128wlb5s1mh","fieldName":"role"}],[{"_typeName":"Role","id":"cjcsm3oxjd1kf0113sw0e5n01","fieldName":"staffs"},{"_typeName":"Person","id":"cjd3qqmjo07n70128vtpsq8tl","fieldName":"role"}],[{"_typeName":"Role","id":"cjcsm3oxjd1kf0113sw0e5n01","fieldName":"staffs"},{"_typeName":"Person","id":"cjd3qqmk807ne0128xy005eeq","fieldName":"role"}],[{"_typeName":"Role","id":"cjcsm3oxjd1kf0113sw0e5n01","fieldName":"staffs"},{"_typeName":"Person","id":"cjd3qqmlp07np0128qeathz9w","fieldName":"role"}],[{"_typeName":"Role","id":"cjcueuc3x9hwg0189w5y24gdx","fieldName":"staffs"},{"_typeName":"Person","id":"cjd3qqmlx07nx01282w78h5a6","fieldName":"role"}],[{"_typeName":"Role","id":"cjcudoqsy80hv0189grqbyd0n","fieldName":"staffs"},{"_typeName":"Person","id":"cjd3qqmma07o30128s8x7be3b","fieldName":"role"}],[{"_typeName":"Role","id":"cjcsm9vepd70h0113xhpt8l4w","fieldName":"staffs"},{"_typeName":"Person","id":"cjd3qqmma07o70128ha5tb4v6","fieldName":"role"}],[{"_typeName":"Role","id":"cjcwv8jurl2fm018959wzzsw7","fieldName":"staffs"},{"_typeName":"Person","id":"cjd3qqmmv07oe01286be6jmoh","fieldName":"role"}],[{"_typeName":"Role","id":"cjcudoqsy80hv0189grqbyd0n","fieldName":"staffs"},{"_typeName":"Person","id":"cjd3qqmo807ok0128oalhhfth","fieldName":"role"}],[{"_typeName":"Role","id":"cjcwv8jurl2fm018959wzzsw7","fieldName":"staffs"},{"_typeName":"Person","id":"cjd3qqmv807ot0128zt2u7kts","fieldName":"role"}],[{"_typeName":"Role","id":"cjcsm9vepd70h0113xhpt8l4w","fieldName":"staffs"},{"_typeName":"Person","id":"cjd3qqmvb07p10128f167h174","fieldName":"role"}],[{"_typeName":"Role","id":"cjcueuc3x9hwg0189w5y24gdx","fieldName":"staffs"},{"_typeName":"Person","id":"cjd3qqmzg07px0128kycz9173","fieldName":"role"}],[{"_typeName":"Role","id":"cjcuhrqwhc6hz01890reik4yh","fieldName":"staffs"},{"_typeName":"Person","id":"cjd3qqn2807q40128dzqri6ni","fieldName":"role"}],[{"_typeName":"Role","id":"cjcudoqsy80hv0189grqbyd0n","fieldName":"staffs"},{"_typeName":"Person","id":"cjd3qqn2r07qc0128edkoqjq2","fieldName":"role"}],[{"_typeName":"Role","id":"cjcuhrqwhc6hz01890reik4yh","fieldName":"staffs"},{"_typeName":"Person","id":"cjd3qqn2z07ql01287w8uqh6n","fieldName":"role"}],[{"_typeName":"Role","id":"cjcsm3oxjd1kf0113sw0e5n01","fieldName":"staffs"},{"_typeName":"Person","id":"cjd3qqn3107qq0128x218l4r3","fieldName":"role"}],[{"_typeName":"Role","id":"cjcueqgbg9f4f0189dtxxbq5q","fieldName":"staffs"},{"_typeName":"Person","id":"cjd3qqn3807qy0128ujrdfw2s","fieldName":"role"}],[{"_typeName":"Role","id":"cjcwv8jurl2fm018959wzzsw7","fieldName":"staffs"},{"_typeName":"Person","id":"cjd3qqn3a07r30128ixxmkg4a","fieldName":"role"}],[{"_typeName":"Role","id":"cjcsm9vepd70h0113xhpt8l4w","fieldName":"staffs"},{"_typeName":"Person","id":"cjd3qqn4u07ra0128qlayfeo1","fieldName":"role"}],[{"_typeName":"Role","id":"cjcuhrqwhc6hz01890reik4yh","fieldName":"staffs"},{"_typeName":"Person","id":"cjd3qqn6r07rj0128ksoaf3yl","fieldName":"role"}],[{"_typeName":"Role","id":"cjcwv8jurl2fm018959wzzsw7","fieldName":"staffs"},{"_typeName":"Person","id":"cjd3qqn6v07rp0128t1zu405r","fieldName":"role"}],[{"_typeName":"Role","id":"cjcsm9vepd70h0113xhpt8l4w","fieldName":"staffs"},{"_typeName":"Person","id":"cjd3qqn7407ru0128eg7de03t","fieldName":"role"}],[{"_typeName":"Role","id":"cjcwv8jurl2fm018959wzzsw7","fieldName":"staffs"},{"_typeName":"Person","id":"cjd3qqn7j07s6012875d2cg1n","fieldName":"role"}],[{"_typeName":"Role","id":"cjcsm9vepd70h0113xhpt8l4w","fieldName":"staffs"},{"_typeName":"Person","id":"cjd3qqn7v07sb0128jynrgpo8","fieldName":"role"}],[{"_typeName":"Role","id":"cjcsm9vepd70h0113xhpt8l4w","fieldName":"staffs"},{"_typeName":"Person","id":"cjd3qqn8007sg012852zxqxpb","fieldName":"role"}],[{"_typeName":"Role","id":"cjcsm9vepd70h0113xhpt8l4w","fieldName":"staffs"},{"_typeName":"Person","id":"cjd3qqnct07sw0128r366nzsb","fieldName":"role"}],[{"_typeName":"Role","id":"cjcueqgbg9f4f0189dtxxbq5q","fieldName":"staffs"},{"_typeName":"Person","id":"cjd3qqnd007t10128f60slf78","fieldName":"role"}],[{"_typeName":"Role","id":"cjcudoqsy80hv0189grqbyd0n","fieldName":"staffs"},{"_typeName":"Person","id":"cjd3qqnd707t60128oiryu6u1","fieldName":"role"}],[{"_typeName":"Role","id":"cjcuf2xn29nrd0189y1z60vdl","fieldName":"staffs"},{"_typeName":"Person","id":"cjd3qqnda07tb0128v7y77qdn","fieldName":"role"}],[{"_typeName":"Role","id":"cjcuf2xn29nrd0189y1z60vdl","fieldName":"staffs"},{"_typeName":"Person","id":"cjd3qqndc07tg0128gg8z4hp9","fieldName":"role"}],[{"_typeName":"Role","id":"cjcwvb29nl4ge0189olj60d97","fieldName":"staffs"},{"_typeName":"Person","id":"cjd3qqne207tn01281jhpuyht","fieldName":"role"}],[{"_typeName":"Role","id":"cjcwvb29nl4ge0189olj60d97","fieldName":"staffs"},{"_typeName":"Person","id":"cjd3qqnea07tt012828qzdivh","fieldName":"role"}],[{"_typeName":"Role","id":"cjcwvb29nl4ge0189olj60d97","fieldName":"staffs"},{"_typeName":"Person","id":"cjd3qqng607u701286lykn2i0","fieldName":"role"}],[{"_typeName":"Role","id":"cjcsm9vepd70h0113xhpt8l4w","fieldName":"staffs"},{"_typeName":"Person","id":"cjd3qqng907uc0128c97ju4v7","fieldName":"role"}],[{"_typeName":"Role","id":"cjcuhrqwhc6hz01890reik4yh","fieldName":"staffs"},{"_typeName":"Person","id":"cjd3qqngf07uh0128bo73sdxa","fieldName":"role"}],[{"_typeName":"Role","id":"cjcwv8jurl2fm018959wzzsw7","fieldName":"staffs"},{"_typeName":"Person","id":"cjd3qqngv07um0128iospzpo3","fieldName":"role"}],[{"_typeName":"Role","id":"cjcsm3oxjd1kf0113sw0e5n01","fieldName":"staffs"},{"_typeName":"Person","id":"cjd3qqnno07uu0128k3lw42l6","fieldName":"role"}],[{"_typeName":"Role","id":"cjcwvb29nl4ge0189olj60d97","fieldName":"staffs"},{"_typeName":"Person","id":"cjd3qqnnx07v101283i31bipg","fieldName":"role"}],[{"_typeName":"Role","id":"cjcuhrqwhc6hz01890reik4yh","fieldName":"staffs"},{"_typeName":"Person","id":"cjd3qqno807vc0128o6zlcl4x","fieldName":"role"}],[{"_typeName":"Role","id":"cjcsm9vepd70h0113xhpt8l4w","fieldName":"staffs"},{"_typeName":"Person","id":"cjd3qqnoa07vh0128phr5jl1n","fieldName":"role"}],[{"_typeName":"Role","id":"cjcuf2xn29nrd0189y1z60vdl","fieldName":"staffs"},{"_typeName":"Person","id":"cjd3qqnof07vp0128dx8zmjtn","fieldName":"role"}],[{"_typeName":"Role","id":"cjcueuc3x9hwg0189w5y24gdx","fieldName":"staffs"},{"_typeName":"Person","id":"cjd3qqnok07vu01282kf19160","fieldName":"role"}],[{"_typeName":"Role","id":"cjcsm68m9d3h00113yrsdjs8p","fieldName":"staffs"},{"_typeName":"Person","id":"cjd3qqnq307w20128jsb667za","fieldName":"role"}],[{"_typeName":"Role","id":"cjcudoqsy80hv0189grqbyd0n","fieldName":"staffs"},{"_typeName":"Person","id":"cjd3quezt0bxu0128v45n3ik7","fieldName":"role"}],[{"_typeName":"Role","id":"cjcsm3oxjd1kf0113sw0e5n01","fieldName":"staffs"},{"_typeName":"Person","id":"cjd3quezt0bxt0128u22xl8mx","fieldName":"role"}],[{"_typeName":"Role","id":"cjcuhrqwhc6hz01890reik4yh","fieldName":"staffs"},{"_typeName":"Person","id":"cjd3quezu0by201281pajdadp","fieldName":"role"}],[{"_typeName":"Role","id":"cjcudoqsy80hv0189grqbyd0n","fieldName":"staffs"},{"_typeName":"Person","id":"cjd3quf0i0byb0128ufknr5ov","fieldName":"role"}],[{"_typeName":"Role","id":"cjcudoqsy80hv0189grqbyd0n","fieldName":"staffs"},{"_typeName":"Person","id":"cjd3quf0l0byh0128dofb9yv3","fieldName":"role"}],[{"_typeName":"Role","id":"cjcwv8jurl2fm018959wzzsw7","fieldName":"staffs"},{"_typeName":"Person","id":"cjd3quf350byw0128jhinvd9s","fieldName":"role"}],[{"_typeName":"Role","id":"cjcwvb29nl4ge0189olj60d97","fieldName":"staffs"},{"_typeName":"Person","id":"cjd3quffw0bz90128qtf4av2c","fieldName":"role"}],[{"_typeName":"Role","id":"cjcsm3oxjd1kf0113sw0e5n01","fieldName":"staffs"},{"_typeName":"Person","id":"cjd3qufg00bze0128orhq147f","fieldName":"role"}],[{"_typeName":"Role","id":"cjcudoqsy80hv0189grqbyd0n","fieldName":"staffs"},{"_typeName":"Person","id":"cjd3qufg30bzj0128bycw4iwf","fieldName":"role"}],[{"_typeName":"Role","id":"cjcudoqsy80hv0189grqbyd0n","fieldName":"staffs"},{"_typeName":"Person","id":"cjd3qufg90bzw012871ruxt5z","fieldName":"role"}],[{"_typeName":"Role","id":"cjcuf2xn29nrd0189y1z60vdl","fieldName":"staffs"},{"_typeName":"Person","id":"cjd3qufgd0c0401281gfv547t","fieldName":"role"}],[{"_typeName":"Role","id":"cjcueuc3x9hwg0189w5y24gdx","fieldName":"staffs"},{"_typeName":"Person","id":"cjd3quwyb0ckz0128fca2olko","fieldName":"role"}],[{"_typeName":"Role","id":"cjcuf2xn29nrd0189y1z60vdl","fieldName":"staffs"},{"_typeName":"Person","id":"cjd3quwyk0cl80128ppjo41mv","fieldName":"role"}]]}